#truth,2
jaja,2
superman,2
pardon,2
"better,",2
resist,2
saves,2
https://t.co/hkqhkvu0kq,2
yellow,4
thehill,2
four,5
protest,2
movies!,2
be.â€,2
titans,2
aides,3
@paulblu:,2
ç¾å¥³å­ï¼ˆã’ã‚“ã˜ã‚‡ã—ã‚°ãƒ©ãƒ“ã‚¢ï¼‰https://t.co/couwssyzz0å¤§ãƒªãƒ‹ãƒ¥ãƒ¼ã‚¢ãƒ«ã§jkå¥½ãã‚¦ã‚­ã‚¦ã‚­â™ª,2
ridiculous,2
party.,2
@femalepains:,2
consider,2
up.,6
increase,2
"up,",4
voter,2
"""projects""",2
violate,2
@filmkraftfilms,2
@cbanks420lol2:,2
#top,2
tweet,5
kilbourne,2
a:,2
#doit,2
tickle,3
post-election,2
â€œheâ€™s,2
voted,3
kencen,2
under,4
aviÃ³n,2
https://t.co/m4hlnxtkio,2
sorry,3
@politicaledu_:,2
i''''m,21
dela,2
@,2
ale,2
at:not,2
risk,3
w/dylan.,2
bye!!!,2
"cia,",2
penny,2
#is?,2
every,11
today!,2
today.,2
voit,2
@waynedupreeshow:,3
sizâ€¦,2
cia:,3
mundiales,2
https://t.co/azcuubfymk,2
school,2
emaanhaider_512:,2
prize,2
https://t.co/rmlnurbrjr,2
skills,4
vote;,2
https://t.co/swltqdwr5qwouldn''''t,2
companies,3
mp4,2
@pissingbros:,2
https://t.co/bc6zuyjkkp,2
beaucoup,2
quaking,2
cheeto,2
shows,3
@emy4trump:,2
"""do",2
vote.,3
enjoy,2
@bjp4india:,2
civility,2
lavonne,2
leaders,4
@adeleceleste:,2
"me""",2
"me,",3
warns,3
me.,4
direct,4
orifices,2
budget,3
chef,2
playâ€¦,2
likely,3
street,6
â€œbarack,2
"donald,",2
ill,2
''''donald,5
#russiahacking,2
foodğŸ˜‚ğŸ˜­,2
machines,4
me:,3
even,9
brexit,2
https://t.â€¦,5
report:,2
hate,5
contributed,2
https://t.co/uoivqq96uk,2
asia,3
@historicalpics:,2
#ã‚«ãƒŠã‚¬ãƒ³ã‚­ãƒ£ãƒƒãƒˆãƒ•ãƒ¼ãƒ‰,2
resultsğŸ’¥trump,2
46,2
@odinsraven2,2
https://t.co/tcpg6cm8tn,2
new,14
tips,2
@momknowsbest15:,2
ever,10
company''''s,2
responders:uber,2
told,6
"machine,",2
startups,2
kicked,2
hero,2
disqualâ€¦,2
#mkt,2
reporter,2
@tam9182:,2
outdated?,2
shills,2
richest,2
here,2
meu,3
met,4
glass.,2
backâ€¼ï¸,2
"berlin,",2
#ã‚¸ãƒ£ãƒ‹ãƒ¼ã‚ºwest,2
fire.,2
business/political,2
orthodoxy,2
#tax,2
patches,2
temps,2
luther,2
kids,2
daughter,3
untrue.,2
security-intelligence,2
flooding,2
0.35,2
light.,2
jail,2
ignoring,2
itunes,2
regalÃ³,2
https://t.co/eeufvexdvi,2
permit,2
military,2
i'm,2
pack,2
"transportation,",2
fantastic,2
hablan,2
secure,2
campaign,7
straw,2
positions!,2
"""sjezus",2
replace,3
@trumpthe45th:,2
"war,",2
tp,2
https://t.co/io77i8h2tz,2
@lemondefr,2
"speeches,",2
#diet,2
personality,2
snel,2
plot,3
cheated,2
https://t.co/zaih3ggkiw,2
@kylegriffin1:,2
would,12
army,3
sweater,3
whenever.,2
@stuartmcgurk:,2
chooses,2
snow,2
broken.,2
revenue:,2
@nfl,2
call,2
"https://t.co/zteuqn3elh,",2
assange.,2
coucou,2
right.,2
assez,2
type,2
tell,5
https://t.co/koivnkoi1t,2
i''''d,3
ã€å‹•ç”»ã€‘ã€ãƒã‚±ãƒ¢ãƒ³smã€‘åŒ–çŸ³äºˆå‚™è»ã®entertainment,3
hillarys,2
supporters,3
#bus.,2
#filmmaking,2
clearly,2
@ateacher97:,2
expose,2
"ik,",2
wars,2
@lawsonbulk:,2
â€˜faithlessâ€™,2
phone,2
warm,2
adult,3
prescription,2
@stainestownfc,2
https://t.co/9dny7vfecd,2
hold,2
@sinembargomx:,2
sleep,3
must,7
me,16
locked,2
orâ€¦,2
"society,",3
"""suspiciously",2
[stream],2
svs,2
@yashwantraj,2
https://t.co/i0t1lfz3cb,2
mean...,2
mt,3
availablâ€¦,2
era,5
install,3
mr,2
shool,2
laughter.,2
my,24
could,5
shook,2
natively.,3
owes,3
give,5
india,3
paparazzi,2
https://t.co/1igsgdgeqv,2
https://t.co/qxqâ€¦,2
https://t.co/fgkjrkpâ€¦,2
currency,2
https://t.co/xuwxlvlih3,2
walsh,2
reviewing,2
info.httpsâ€¦,2
claim.bolton/trump,2
movies,32
neyba,2
"""people""",2
#daytrading,2
hoe,2
end,2
hoc,2
@sulaimanslalani:,2
madnessâ€¼ï¸,2
"""red",2
stuff,2
damage,2
comedians,2
"sport,",2
machine,2
how,21
hot,3
necessary...,2
boats,2
disgrace,2
https://t.co/dp2d0qvnts,2
beach,2
survived.,2
"""rigged""",2
hoy,2
food!,3
hindi,2
college:,2
scarn,2
https://t.co/zdyxsajvzu,2
insecure,2
after,10
''''hit,2
@naretevduorp:,2
demanding,2
outlawed,2
cruzâ€™s,2
wrong,6
fat,2
president,35
ã“ã†ãªã£ã¦ãã‚‹ã¨ã“ã®ã€è­¦å¯Ÿå®˜ã€ã ã£ã¦æ€ªã—ã„ã‚ˆã€‚è­¦å¯Ÿå®˜ã£ã¦ç›—è´å™¨ã«çµ¶å¯¾è©³ã—ã„ã£ã¦è¨€ãˆã‚‹ã‹ï¼Ÿã‚ã¨è­¦å¯ŸãŒä»•æ›ã‘ã¦ã‚‹å ´åˆã‚‚ã€‚ã€œï¼‘ï¼‘æœˆï¼’ï¼•æ—¥å¤œã€Œç›—è´ã€ç›—æ’®ã•ã‚Œã¦ã„ã‚‹ã€ã¨è‡ªã‚‰ï¼‘ï¼‘ï¼ç•ªé€šå ±ã€‚è­¦å¯Ÿå®˜ãŒè‡ªå®…ã«æ€¥è¡Œã—ãŸãŒç›—è´å™¨ãªã©ã¯ç™ºè¦‹ã•ã‚Œãšâ€¦httpsâ€¦,2
law,2
parallel,2
https://t.co/ka6egq5ab2,2
las,2
night!,2
attempt,3
"'angry,",2
https://t.co/ivcl1olvfv,2
@flotus,3
amid,2
https://t.co/4w3lha5fmb,2
capitalism,2
aaand,2
https://t.co/ol4â€¦,2
funniest,2
goodbye,2
enter,2
@eblfoodallergy,2
acknowledges,2
rts),2
wing,2
greed,2
wine,2
longer,2
"""same",2
office,8
wut,2
â¤all,2
over,18
#tntweeters,2
postando,2
tricked,2
@nationaction:,2
hopeless.,2
google,2
@mailonlineâ€¦,2
apelido,2
before,12
https://t.co/exs2jn1m9m,2
https://t.co/jjunkznuox,2
@spaceagepimping:,2
aleppo,2
somewhere,2
highlights,2
fix,2
",",2
writing,2
destroyed,2
https://t.co/zkbhok8kqt,2
"hmm,",2
https://t.co/wpp1iczeau,2
creo,2
5:00],2
fin,2
easier,2
#constitution,2
you''''ve,5
then,5
them,7
supplâ€¦,2
viola,2
"""win""",2
https://t.co/8zrilugcbs,2
1faith,2
"malice,",2
safe,2
supporter,2
stuttering,2
bang,2
bolton:,2
they,24
@paulkrugman,3
molecules.,2
"""showup""â€¦",2
silver,3
noses,2
@magicroyalty:,2
grammar,3
dictatorship,2
week.,2
"myself""....my",2
hillaryâ€™s,2
blijkbaar,2
detroit,4
christmasÂ movies,2
--,4
crewneck,2
hereğŸ‘‡ğŸ¼,2
victory,3
sido,2
https://t.co/n2ihsmsekp,2
went,3
https://t.co/wivktxl4l1,2
side,2
@cnn,10
#electoralcollege,6
dnc,3
financial,2
gunna,3
laying,2
initiate,2
crimes,3
https://t.câ€¦,4
@jasonkander:,2
january,2
@diamondrosegrfx:,2
dayâ€¦,2
doesn''''t,9
forgot,2
navy,2
@oregonian:,2
dawn,2
things:1.,3
sounds,2
''''if,2
rt,418
is:,2
whining,2
foundation--become,2
network,3
pussies,2
god,5
ha,4
umr.o,2
"kelly,",2
safety,2
is.,2
rink)-,2
got,4
returning,2
size,2
"day""",4
gop,7
message!,2
#tokyomx,2
rest,2
veto,3
tops,2
u.s.,7
threatened,2
revenge,2
https://t.co/8b7ksndjc9,2
https://t.co/h1wdoysudd,2
admits,2
''''til,2
"mandate,",2
240,2
enhance,2
rapist,2
checked,2
â€œhorrifiedâ€,2
https://t.co/yceeapmdjd,2
elecciones,2
people''''s,4
"voters,",2
ã¨2016å¹´ã®æœ€å¾Œã®æœ€å¾Œã¾ã§æ¥½ã—ã‚“ã˜ã‚ƒã„ã¾ã—â€¦,2
gâ€¦,5
deal'''',2
"preserve,",2
pence,3
actuales,2
"camera,",2
milagu,2
productoâ€¦,2
onto,2
trump.lol...what,2
trump!rt,2
th...,2
varuval,2
dukakis,2
too.,3
@constancequeen8:,2
æœˆåˆŠãƒ–ã‚·ãƒ­ãƒ¼ãƒ‰tvãŠæ­£æœˆç‰ˆ~ã‚³ãƒ³ãƒ†ãƒ³ãƒ„ã‚ˆã‚Šã¬ã13æ™‚é–“æ”¾é€sp~,2
https://t.co/sj9hka1tot,2
brody&amp;,2
another,5
senate:,2
force,2
comic,2
disagreâ€¦,2
@kiirobon,2
power.,2
nation?,2
https://t.co/btheupagdi,2
service,3
he.â€¦,2
defect,3
https://t.co/ksa6â€¦,2
top,8
tired,2
girls,4
twisted,2
@franceinfo,2
needed,2
https://t.co/jkrt6yosnm,2
you''''re,4
power:,2
@martinsantosr:,2
https://t.co/pw0lcmluk9,2
#ccot,2
hollywood,2
john,5
truth'''',2
@johnlegend,2
murder,2
#wallstreet,2
"tillerson,",2
(â€¦,2
(2016):,2
"enough,",2
albert,2
@tdennis17:,2
rejected,2
"""unless",2
https://t.co/milj0â€¦,2
https://t.co/wfcjxigghb,2
account!https://t.co/4kycd2rcim,2
https://t.co/lhlcqjio9b,2
@cristinalaila1:,3
goodbar,2
horrible,3
''''great,2
270,3
asssss,2
verte,2
showed,2
surrounding,2
isâ€¦,5
surrogate,2
tree,2
second,2
ebay,3
project,3
matter,3
yearsâ€¦,3
guilt,2
h.w.,2
historical,2
#intelligence,3
#nasdaq,2
hacking,9
feeling,2
#flotusandoprah,2
https://t.co/olbaeedqm7,2
donald.,5
este,2
lbs,2
tht,2
sees,2
ran,2
kok.,2
modern,3
mind,2
assange,5
spent,3
"bs,",2
talking,3
httpâ€¦,6
@birbigs:,2
take,5
seem,2
logic!!!?,2
seek,2
colegio,2
â€œuna,2
7congrats,2
affairs,2
''''snl'''',2
warmonger,2
@goatraplines:,3
#followme,2
https://t.co/3fpnw3wyjs,2
@fredericlambert,2
responsible,2
-,47
w/trump,2
thorough,2
demolish,2
oriented,2
https://t.co/7gldmjnlnq,2
@marshall_cohen:,2
https://t.co/jybjorhtmc,2
9th.,2
#oprahandâ€¦,2
pnp,2
@walshfreedom,2
pics?,2
disalah2in.,2
https://t.co/3khxfsizpu,2
exactly,2
@lorenraedej:,2
though,3
"est,",3
he''''ll,5
clapton,2
sÃ‰rie,2
#uber,2
dyuh,2
https://t.co/2rjkozl3nx,2
affirmation,2
germany,4
https://t.co/fpnbgtebup,2
letter,4
breaking:,2
hide,3
tomorrow,2
doj,3
@aaronmackallan,2
observation,2
real.,2
@richardosman,2
#bipartisan!9,2
medical,2
@donmoyn:,2
president-elect,8
@divatvasia:,2
sheryl,2
hacksâ€¦,2
points,2
tech,6
nevadaâ€™s,2
"diva,",2
voting,6
came,3
higher-education,2
mbc,2
saying,5
comprou,2
)â€¦,2
todosâ€¦,2
"""â€¦",2
coup,2
completely,2
generando,2
manipulation,2
#christmasmovie,2
https://t.co/5xctuaemf1,2
https://t.co/zjilkvsfim,3
@impl0rable:,2
participate,2
#117,2
heckled,2
nevada,2
peck,2
lista,2
explain,2
competitorâ€™s,2
than,18
tries,2
bush,5
@dailyracefunies:,2
poopy''''s,2
547,2
rich,2
photo,3
ğŸŒˆğŸŒˆ,2
much?,2
diet,2
it''''s,20
#unpresident,2
@beachpeanuts:,2
#markets,2
do,19
@smerconish,2
sunglasses,2
!!!,2
10,5
https://t.co/uwgudbvje6,2
"solution,",2
de,18
stop,8
https://t.co/mu5ki0goqv,2
da,2
@newtgingrich,2
https://t.co/ktvvnpbmyb,2
fugliest,2
mission/vision.,2
illegitimate.,2
report,8
obliged.3.,2
either.spoiler:,2
ds,2
https://t.co/pfohkopcip,2
@lolgop:,4
nodapl,2
kcci,2
@darthputinkgb:,2
"apparently,",2
weekend?,2
countries,2
officially,4
dreams?,2
illegitimate,3
bad,3
trousersâ€¦,2
briefed,3
@bigbangsayth:,2
grilled,2
gigafactory,2
multi-cultural,2
https://t.co/hthjgx0rou,2
secretary,6
electrosâ€¦,2
new.,2
disaster,2
@kurteichenwald:,4
habit,2
w.,2
tieâ€¦,2
https://t.co/vbyo2w4crv,2
@arttillery1980,2
bettencourt,2
https://t.co/x7nvxuk3ii,2
depends,2
https://t.co/hps5xiank9,2
mrs,2
forâ€¦,3
corrupt,2
proteâ€¦,2
@kragar_lgf:,2
tommy,2
alternative,2
best,9
phone?,2
viaâ€¦,2
said,10
"obama,",5
game!,2
lots,2
#trumptrainâ€¦,2
away,3
meri...estas,2
rings,2
artificial,5
that''''s,9
@flofloo21:,2
obama:,6
protected,3
tainted,2
arrives,2
1989)...classic,2
melhor,2
#makeithappen,2
approach,2
estÃºpida,2
"""og",2
https://t.co/wqdouyfaly,2
we,33
mustrd,3
wa,2
out:â€¦,2
anche,2
[weibo],2
https://t.co/scfb5cqb68,2
4-salemoney,2
@slate:,3
southeast,2
(special),2
https://t.co/bqe6kn3erx,2
wear,2
legacy.,2
poisoning,2
wth,2
news,10
picking,2
debt,2
''''hamilton'''',2
faced,2
received,4
climate,6
kkk''''s,2
"""historic",2
veer,2
fault,2
@pictoline:,2
coz,2
adventures,2
against,9
una,3
und,2
#goforit,2
receives,2
faces,2
exceeds,2
china,5
ambition.,2
argue,2
com,5
asked,3
(w/o,2
suggest,2
americaâ€™s,3
had,13
irresponsible,2
money.,2
"money,",2
height,2
ambassador,2
"food,",3
@flyyestbunnies:,2
benefited...,2
globalists,2
i''''ll,3
trust,2
@juddlegum:,2
speak,6
gratitude,2
now.,2
reaâ€¦,2
intelligence...,2
puts,2
basis,2
#science,2
ya,2
sachs,2
been,9
.,5
much,10
toen,2
interest,3
julian,5
expected,2
@docrocktex26,2
pretending,2
lovely,2
incompetent,2
https://t.co/2skziâ€¦,2
#å¦Šå¨ ã—ãŸã„,2
life,5
@tomadams9999:,2
attacked,2
daejun,4
39,2
republicans,4
india''''s,2
wish,2
preterdoloso.,2
chill,2
administration:,2
trump-pence,2
matt!,2
personally,2
@carlbildt:,2
sad,2
https://t.co/c5vzâ€¦,2
gracious,2
@sahouraxo:,2
wfh,2
publicly,3
https://t.co/i8qtf3eajg,3
air,4
ugly,2
227other,2
suppose,2
teachers,2
visit,2
aid,2
https://t.co/kwsw16lblv,2
gave,2
https://t.co/f5a0ffqn6w,2
inspired,2
launched,2
@martindicaro:,2
pessimistic,2
over.,2
"over,",2
"""a",2
brewer,2
is,122
#lolâ€¦,2
mx1,2
it,44
shame,2
cant,2
@tomilahren:,2
im,5
in,132
comparative,2
spending,2
#paccaria,2
"said,",2
#oprahandflotus,2
if,29
grown,2
overstated,2
confirmed,2
fotos,2
defence,2
familyplease,2
parish,2
make,16
"fact,",2
@gutsnoglory:,2
b/c,2
æ˜¥ã®åˆ€ãƒŸãƒ¥ã®é’æ±Ÿã®ä¸­ã®äººãŒè¶…çµ¶ãƒãƒã‚Šå½¹ã ã£ãŸåœŸæ–¹å‰¯é•·ã‚’æ¼”ã˜ãŸèˆå°ãŒãƒ†ãƒ¬ãƒ“æ”¾é€ã™ã‚‹ã‚ˆï¼ï¼ï¼1/14(åœŸ)16æ™‚ã ã‚ˆï¼ï¼ï¼è¦‹ã¦ï¼ï¼ï¼èˆå°ã€Œæ­¦å£«ç™½è™ï½ã‚‚ã®ã®ãµç™½ãè™ï½ã€ãƒ†ãƒ¬æœãƒãƒ£ãƒ³ãƒãƒ«,2
linked,2
won''''t,4
haphazard,2
embarrassment.,2
harmony,3
babies,2
#mplusplaces,2
@gee_famo,2
now!!,2
dhs,2
Ù…Ø²Ø©,2
independent,2
tourwith,3
#engagement,2
fake:,2
screw,2
@narendramodi:,2
right-wing,2
blames,2
social,3
obsessed,2
#thanksobama,2
hand,2
article!,2
intel/armed,2
trumptx,2
kim,2
moviesğŸ˜‚ğŸ˜‚,2
tyson,2
overt,2
depois,2
blamed,2
anarchists,2
bell.,2
dylan,2
#iraq,2
9.7in,2
prioritize,2
"democracy?""""we",2
failing,2
@foxnews:,2
epn,2
@darby,2
televisa.,2
client,2
greatest,2
losers',2
mother,3
"thing""",2
claims,6
the,262
@awildernessnz,2
mic,2
epa,2
outlived,2
à¹€à¸§à¸¥à¸²,2
https://t.co/gxqurnjfag,2
just,27
yen,3
@sexyindiankid:,2
agradece,2
op?,2
@nerdywonka:,2
vilâ€¦,2
seen,2
trending#ootd,2
heh.,3
å¤§æ™¦æ—¥tvã‚¹ãƒšã‚·ãƒ£ãƒ«ï½first,2
èŠ¸èƒ½,2
thanks,6
human,2
https://t.co/vpgrvihe2q,2
facts,3
.@mediate4ueu,2
yes,4
https://t.co/96tvmvqfc9,2
yet,7
adding,2
vâ€¦,2
"office""",2
candidate,3
@georgetakei:,6
"ww2,",2
ela,2
character,2
@lightlady:,2
sometimes,3
"mothers,",2
squad,2
https://t.co/j60â€¦,2
bna,2
has,19
@girlposts:,2
decadencia,2
latina,4
@thehill,2
nerfs,2
casually,2
ops,3
rnc,2
"20,",2
online,5
posed,2
possible,3
caps,2
@klarissamaarie:,2
possibly,3
cultural,2
https://t.co/yyurcmyfcg,2
barnacles,2
donal,2
30,2
judge,4
@trendinaliain:,3
roach,2
highly,2
perfecta,2
willful,2
"opinion,",4
58,2
no??,2
brought,2
@stylishrentals:,5
spoke,3
texts,2
president'''',5
nude,2
notâ€¦,2
country.,4
50,2
"country,",2
blasts,2
"evidence,",2
remind,2
https://t.co/ggoeaiuuhw,2
"man,",2
steps,2
night,2
security,3
vitÃ³ria,2
#adara2â€¦,2
aimed,2
creen,2
attorney,4
right,8
[ì†Œë…„24,3
deal,3
people,14
sends,2
"lesbrain,",2
https://t.co/o8xyjuvpmk,2
hapâ€¦,2
https://t.co/l0ezbc8n8a,2
somehow,2
emails,2
"""will",2
donald,44
@paphotog,2
election,29
@dnpseudonyms,2
escape,2
manuela,2
@jonfavs,2
"know,",3
enemies,2
denies,2
specific,2
friend,4
for,77
bottom,4
ğŸ™„,3
aâ€¦,3
fox,4
https://t.co/1ft7o5pv3o,2
ice,2
https://t.co/ekc6kejjcp,2
unprecedented.,2
everything,4
"accept,",2
therapy.,2
honors.,2
carta,2
christmas,6
ğŸ˜‚ğŸ˜‚,2
muita,2
ğŸ“º,2
neatly,4
pls,2
bold,2
fish,2
#ã‚­ãƒ£ãƒƒãƒˆãƒ•ãƒ¼ãƒ‰,2
deleted,2
https://t.co/nzkoj0pqe7,2
pose,2
blackmail,3
lmao,2
translated,2
contest:,2
"trumpentonces,",2
losing,4
https://t.co/jecuewuymj,2
super,4
"crushers""",2
sâ€™estime,2
#guy,2
tetaplah,2
@codeforphilly,2
@halsey:,3
@my_murmur:,2
@felonisssalt:,2
attacks,5
theirs,2
#sm30258866,3
months,3
@dailycaller,2
lifehack:,2
plus,2
"putin,",2
fâ€¦,2
efforts,2
agents'''',2
partâ€¦,2
attackd,3
https://t.co/xltb2y0ddk,2
raised,2
statements,2
"info,",2
https://t.co/gm3wxvuawf,2
bato,2
pays,2
float,2
bound,2
@theblaze,2
ğŸ‘ŒğŸ»,2
down,6
lies,2
isn''''t,2
https://t.co/efmipy7n2k,2
donated,2
raises,3
@russvet1:,2
https://t.co/nz130knnh4,2
cafeteria,2
low:,2
https://t.co/czzkuk2x4z,2
novo,2
polÃ­tica,2
qâ€¦,2
@kelseydarragh:,2
@breakingnews:,2
wah,2
support,2
flying,2
"loss,",2
adara,2
class,2
why.,2
senate,4
fought,2
1992.,2
way,6
choiceâ€™:,2
broad''''s,2
appts,2
was,44
war,7
defectors4,2
encanta,2
https://t.co/dgiryqcjfg,2
head,3
@ikoff_:,2
offer,2
@immotalbeloved:,2
groove,2
becoming,2
differences,2
deny,2
https://t.co/e4oawkj3ik,2
failure,2
https://t.co/rrm5wcnrfj,2
bush''''s,2
dead,3
melania,4
jen!,2
removed,2
true,4
ğŸš¨stop,2
@hcweiss,2
reset,2
congratulations,6
responding,2
isis,3
gestapo,2
happen,2
streaming,3
go.â€â€¦,2
assessment,2
@tomashbrooknpr:,2
until,6
won!!!,2
jan.,2
stand-up,2
@ralstonreports:,2
franÃ§aise,2
minta,2
prematurely,2
loveteam,2
propaganda,2
https://t.co/fqngx5kri1,2
https://t.co/asslcx67nx,2
musk,2
promises,3
looms,2
liberal,2
@bessbell,2
classic,2
peruvian,2
https://t.co/zgpi4x4vgy,2
newâ€¦,2
spâ€¦,2
evidence,3
juice.,2
https://t.co/snx7tlvtxd,2
tea,2
@biocuriosity:,2
makeup;,2
#trump2016,5
@realdonaldrumpf:,3
shit,3
#breakingcia:,2
yesâ€”because,2
#adult,2
no,33
na,13
#bigbrothertrump,2
when,24
ne,2
https://t.co/ozqv7vgdcl,2
"hurry,",2
tim,3
falsely,2
winning,3
holding,3
anti-gun,2
v.o.?,2
hydrating,2
vanished,2
kenyan,3
https://t.co/9bmbyolahg,2
theoâ€¦,2
@sensanders,2
brothers,2
@cernovich:,3
https://t.co/bo7pksbr74,2
@allkpop:,3
welcome,2
update,3
devos,2
@revmahoney:,2
fell,2
off?,2
https://t.co/ye3d1kfshc,2
sâ€¦,3
pizzas,2
without,4
#weirdthingstowhisperduringahug,2
billion,5
https://t.co/9kff3cgblv,2
reach,2
â€œwell,2
"won,",2
showtime.,2
ê°€ìš”ëŒ€ì œì „&gt;,2
together,5
"victory,",2
count:,2
@lovebrownsugar:,2
#dowjones,2
alert.,2
time,13
serious,3
@smithdana599:,2
bodyğŸ‘ğŸ‘ğŸ‘,2
pro-trump,2
@vhvhyh:,2
revoke,2
@johnnyswest_pr:,2
policling,2
global,3
@love_non_league:,2
@loudobbs:,3
@salenazito:,2
killam,2
theaters,2
"""''''",2
#lighting,2
https://t.co/j3ecbcp7bx,2
ãªã‚“ã‹å°¿ã‚’å¥½ã‚“ã§é£²ã‚€äººã¿ãŸã„ã«ãªã£ã¦ã¦è‰ï¼¡ï¼³ï¼«ï¼¡ã€Œå°¿ã¯ãŠèŒ¶ã€ä¸èµ·è¨´ã€è­¦è¦–åºå¦å®šã§ããšé‡ˆæ”¾,2
paycheck.,2
chair,2
''''false,2
"inculta,",2
@bikersfortrump,2
âœ¨,2
#countryb4party,2
9.7inãŒå…¨ç„¶å‡ºã¦ã“ãªã„ãƒ»ãƒ»ãƒ»(Â´ï½¥Ï‰ï½¥`)æœ¬å½“ã«ä½œã£ã¦ã‚‹ã®ã‹ï¼Ÿï¼Ÿï¼Ÿï¼Ÿå…¨ç„¶å£²ã‚Œã¦ãªã„ã®ã‹ãªãã€‚,2
certainly,2
@theonlyadult:,2
post:,4
muito,2
https://t.co/ox2lobwjib,4
@imamsuhaibwebb:,3
logic:trump,2
disgusting,2
blocking,2
here''''s,6
german,2
charge,3
unpleasant,2
us.msm,2
mettre,2
@cuckwatch3000:,2
terror,2
uma,2
sovereignty,3
https://t.co/bâ€¦,2
"cook,",3
day...,2
retro,2
#dâ€¦,2
brown,2
"superpower,",2
vet,2
atualizaÃ§Ã£o,2
billionaire,2
degrasse,2
https://t.co/pltsmvyyx4,2
@puppymnkey:,3
choice,3
winning!,3
"winning""",2
sours,2
@trendinaliafr:,2
mckelvey,2
join,2
regular.,2
mario!,2
governments,3
ğŸ‘‡ğŸ¼a,2
buhari,2
@wilfridcoby:,2
level,2
did,14
die,4
"media,politics.",2
rights,2
https://t.co/85yyiwy5cs,2
brother,2
bone2.,3
"controlâ€,",2
team,9
@brianstelter,2
@kyledcheney:,2
dir,2
possibility,2
contract),2
nation?apna,2
says,17
trump''''s,28
pms,2
endangersâ€¦,2
@georgetakei,2
#russianhackers,2
https://t.co/hxj8pwejqi,3
cyber,2
sign,3
blue,2
affiliation,3
cost,3
.@senjohnmccain,2
https://t.co/vwvl3ueaqo,2
eating,2
raâ€¦,2
sordid,2
https://t.co/dhfvjqeuri,2
palestine-israel,2
curse,2
constitution,2
https://t.co/0zvrd3fkge,2
mister,2
@billmoyershq:,2
trump!!!,3
debate,13
current,2
caia,2
@frontrownews:,2
https://t.co/9k1ohwkv7n,2
clintonâ€™s,2
ğŸâ€¦,2
@makaylamarye:,2
https://t.co/15mhr9hwxa,2
experience.,2
safety.,2
hairy,2
americanâ€¦,2
conhecido,2
https://t.co/naog8rq6x3,2
pornstars,2
@ellenngng:,2
muslim,4
https://t.co/qfcpi88bul,2
#wearables,2
flat#presidentelecttrump,2
groups,2
"maintenance,",2
alone,3
true),2
@sankei_news:,2
viagem,2
"@potus,",2
change,5
wait,3
box,2
sending,3
hbo,2
dec,3
https://t.co/tgylu736ya,2
https://t.co/adyo4ocklw,2
...#is,2
brilliant,2
https://t.co/tzrjjck8r2,2
@waldorf_l2:,2
cette,2
carpeta,2
example,2
https://t.co/m5mugpqjcj,2
"administration""-",2
molti,2
cinnamon,2
suggestion,2
"here,",2
priceless,2
bob,2
history,5
minecraft,2
all-out,2
"landslide""",2
beautiful.,2
futuâ€¦,2
dumb,4
https://t.co/aufymk7d27,2
elect,5
presidâ€¦,2
#vr,2
",,,",2
minute...how,2
"work.""",2
"people.""",2
public.,2
slate,2
lawn!,2
fake,2
&amp;â€¦,2
fbi,6
"""my",2
parking,2
relating,2
"""afecto""",2
(with,2
everybody,4
à¸ˆà¸°à¸¡à¸µà¸à¸²à¸£à¹à¸ªà¸”à¸‡à¸£à¹ˆà¸§à¸¡à¸à¸±à¸™à¹ƒà¸™à¸‡à¸²à¸™,2
working,4
duda,2
angry,3
dude,2
butts,2
france,2
"believe,",2
live,3
1spotted,2
do-over,2
https://t.co/xicnlgcexx,2
"defeat,",2
believing,2
#arijit,2
pres,4
"hotel,",2
hotel.,2
w/out,2
@marklevinshow:,2
apparent,2
@adi1yn,2
liberiiii.,2
far,2
super-cool,2
@jennajameson,2
denies.,2
effort,2
diner,2
organizations,2
@prisonplanet,2
douche,2
putin''''sâ€¦,2
https://t.co/l0p7wa4nkq,2
indicates,2
@lindasuhler:,3
quoting,2
cap,2
inside.,3
@socialpowerone1:,2
"papa,",2
homie,2
can,9
growing,2
making,4
eh#trump,2
#ohio,2
heart,3
"guy,",2
trump,167
figure,2
december,2
winston,2
fuck,2
topic,2
heard,6
#whencallstheheart,2
o,3
admirer,2
offense,2
counting,2
stole,3
palmer:,2
@trump4hope:,2
bigot,2
#googlealerts,2
cuba,2
nyt,2
freezes,2
1,5
sunday,2
@lvnancy:,2
fourth,2
africa.,2
304clinton,2
speaks,3
whistle,2
everytime,2
just......what,2
"listen,",2
criminal,3
unbelievable,2
145,2
citizens.,2
https://t.co/gex05n5qra,2
may,8
sacrifice,2
fed,2
spot,3
gaffes,2
3rd,2
cover+screen,2
islamic,3
meddled,2
kuwaiti,2
"nobel,",2
designed,2
one-china,2
mocks,3
wikileaks,4
https://t.co/p2o0uq1zdd,2
agree!,2
guys,3
grow,2
lifting,2
man,5
@axios,2
@ap,2
ouaaaaaaa,2
podesta,2
remember,4
succeeded,2
rn,2
whenever,2
maybe,4
su,2
st,2
q,4
si,2
so,25
vaya,2
ny-,2
nucâ€¦,2
"emails,",2
se,3
"please,",2
#taiwan,3
exclusive,2
@louisemensch,2
drying,2
manera,2
https://t.co/lvfapwuazdcia''''s,2
@nbcnews,3
addresses,2
"1930s,",2
"#androidgames,",2
ä¹ƒæœ¨å‚46ã®é£Ÿã¹ã‚‹ã ã‘ã€90åˆ†æ‹¡å¤§ç‰ˆãŒtbsãƒãƒ£ãƒ³ãƒãƒ«ã§1æœˆ28æ—¥ã«æ”¾é€æ±ºå®š,5
find,2
â€˜god,2
issuâ€¦,3
course,2
partisan.what,2
animals,2
(attempted)1,3
cretins.,2
cuts,3
ã‚«ãƒŠã‚¬ãƒ³ã‚­ãƒ£ãƒƒãƒˆãƒ•ãƒ¼ãƒ‰ã‚’é£Ÿã¹ã•ã›ã‚‹æ–¹æ³•,2
today''''s,2
still,7
tweets!,2
#obama,3
@ft,2
group,3
thank,5
theâ€¦,2
maid,2
j'm,2
"prosper,",2
amazing,2
months.,2
#æ¶¼å®®ãƒãƒ«ãƒ’ã®æ†‚é¬±,2
ğŸ˜‚ğŸ˜‚ğŸ˜‚ğŸ˜‚,2
@kindcutesteve:,2
offers,2
final:8,2
policy,6
msnbc,2
@teapainusa:,2
work,3
unlocked,3
"doj,",2
@trendschennai:,3
russia''''s,3
3,5
smarter,2
killer,2
lloc,2
investigated,2
obama's,2
#veilhasbeenliftedâ€¦,2
moron,2
sueddeutsche.de:,2
wealthy,2
not,41
aÃºn,2
now,30
discuss,2
kids.,2
condom''''s,2
gearing,2
3@ihrithik,2
@nealschonmusic,2
james,3
times,5
drop,2
advent,2
fireworks!,2
#bigthings,2
#trending,2
@atomicanalyst:,2
tweet:,4
@thebaxterbean:,2
@danrather:,2
terroristâ€™,2
q&amp;a,2
lmaoooooooooooooo,2
@maria40846993:,2
trumpâ€™s,8
vogue,3
em,4
el,5
https://t.co/mrhcggztov,2
en,10
(7th),2
https://t.co/sd37rcxkdd,2
@diana74979957:,2
ed,2
"eua,la",2
directing,2
ec,2
ayyy,2
"startups,",2
ğŸ‡ºğŸ‡¸ğŸ—£ğŸ’¥&gt;,2
https://t.co/leccoxyclc,2
â€˜school,2
eu,4
okay,2
â€œfuera,2
calling,4
oprah..it,2
ep,2
tried,2
album,2
ain''''t,3
''''plane,2
"funny,",2
fact.....trump,2
space,2
https://t.co/gxlewnbpqg,2
interference,4
@bnn,2
looking,4
https://t.co/iggje4qlhn,2
pleaseğŸ˜­,2
investigation,3
appointed,2
wakker,2
https://t.co/jv7rcsyi8h,2
on#billclinton,2
receiving,2
tongue,2
@milliken,2
weights.,2
i''''ve,4
pelosi''''s,2
theory,2
hib:,2
#china,2
million,5
lmt,3
whâ€¦,2
painful.,2
@realdonaldtrump,14
oro,2
https://t.co/cx9ookduzm,2
Ø¹Ø´Ù‚ÙŠÙ‡Ø§ğŸ¬ğŸ“²,2
mayhew.,2
carl,2
org,2
questioning,2
clown,2
"@tonbridgeangels,",2
care,5
reflect,2
training,2
@kuramsalyorgun:,2
"cuba,onde",2
language,3
where,4
transition,2
punk,2
fb,2
british,2
thing,7
maâ€¦,2
anymore.,2
massive,2
annoying,2
swing,2
@akanoyton:,2
#dessert,4
star,2
think,10
heâ€¦,2
first,18
millennials!!,2
''''doesn''''t,2
saving,2
check:,3
fiorina??,2
lmaoooooooo,2
idol:dia,3
coming,2
castro''''s,2
but.,2
xd,2
one,21
voto,2
#amitabhbhattacharya,2
americans,2
(trump,2
directly,4
salsa,2
vote,13
message,3
fight,2
open,4
george,6
ont,2
millions,4
gig,2
little,4
hasn''''t,4
officials,4
"lien,",2
illegit,2
caught,3
@glennthrush:,2
electoraâ€¦,2
anyone,5
returns,2
2,12
terrifying,2
#wine,2
https://t.co/hqvrrvnjgh,2
@kerpen:,2
@kirstiealley,2
white,9
@johnwdean:,2
@timrunshismouth:,2
national,4
speaking,2
gives,4
https://t.co/esvfvzd2xo,2
"""fourth",2
development...and,2
ã€Œä¿¡ç”¨ã€ã«ã¤ã„ã¦æœ€è¿‘ã€è€ƒãˆã¦ã„ã¾ã™ã€‚ãƒ†ãƒ¬ãƒ“ã§æ€ã„å‡ºã—ãŸã“ã¨ã€‚æ˜¨å¹´ã®27æ™‚é–“tvã§ãƒŠã‚¤ãƒŠã‚¤å²¡æ‘ã•ã‚“ã¯ã€Œå›°ã£ãŸã¨ãã®ä¸­å±…æ­£åºƒã€ã¨è©•ã—ã¦ã„ã¾ã—ãŸã€‚å¤§é‡ã®å°æœ¬ã‚’ã™ã¹ã¦é ­ã«å…¥ã‚Œã‚‹å§¿å‹¢ã‚’ç›®ã®å½“ãŸã‚Šã«ã—ã¦æ€ã£ãŸã¨ã€‚å®Œãºãã«ã“ãªã—ã€æœ¬ç•ªã®ãƒ‘ãƒ•ã‚©ãƒ¼ãƒãƒ³ã‚¹ãŒç´ æ™´ã‚‰â€¦,2
@ggreenwald:,2
that,63
"on""",2
season,6
#å¦Šå¨ ã—ã‚„ã™ã„,2
meddling,3
order-ã‚‚ãŠæ¥½ã—ã¿ã«ï¼è©³ã—ãã¯â†’â€¦,2
released,2
hillary,16
short,2
@maylaifdhisis:,2
butt,2
https://t.co/q8nsdonkws,2
copy,2
holder,2
@cullthedumb,2
https://t.co/z5y4mhxpp7,2
briefings...which,2
https://t.co/xytapuâ€¦,2
13,2
#scottdworkin,2
15,3
$11,2
sailing,2
(this,2
19,4
18,2
gotta,4
https://t.co/qzlpoal18v,2
comunista,2
return.,2
r,2
1%,2
su20:20,2
werd,2
were,9
votes,7
"president.""",2
happy,2
russia,22
https://t.co/9lm6pebi1b,2
1.,2
and,118
ğŸ¯,2
nÃ£o,3
russiansâ€¦,2
@diamondandsilk:,2
provavelmente,2
michele,2
https://t.co/kfjcznpzsy,2
turned,2
@phillyd:,2
(and,2
13th,2
#3,2
say,10
conspiracy,4
coming!,2
fatherâ€™s,2
scratch,2
breakfast,3
saw,2
any,16
@brandon_pettitt:,2
sat,3
rt!,4
@thedailyshow:,2
thereâ€™s,2
@itmorgan,2
ideas,2
mr.,6
potential,2
"bad""",2
attempted,2
destroy,2
(winner)clinton,2
"bad,",2
ğŸ’,2
brief?,2
sure,4
investigations,4
track,2
https://t.co/idlvfd3ck5,2
knew,2
betrayal,2
time..,2
paid,2
insanity,2
https://â€¦,4
banks,2
abut,2
deeds.,2
topic.,2
pair,2
vibrancy,2
america,7
victory'''',2
https://t.co/2xc240he35,2
#girlbye,2
rents,2
michelle,7
#ko,2
democratic,4
especially,2
#isis,2
@oldrowswig:,2
@chronicle:,2
#mondaymorningâ€¦,2
proud,3
steady,3
"clinton,",5
matchã€vsæš‡å£«ã€‘,2
clinton.,2
post-trump.,2
@surfermom77:,2
"treason,",2
trafficking,2
killed.,2
hear,3
clinton;,2
clinton:,2
partisan,2
shop,3
#soundcloud?,5
https://t.co/giifvsp8ca,2
olha,2
rep:,2
(572,2
show,2
cheat,2
topic:,2
ØªØ³Ø®Ù†,2
allegations,2
hopes,2
qualquer,2
inconsistent,2
ğŸ˜ŠğŸ˜´,2
hack,5
@lauragh_17,2
corner,2
label,2
@nytimesbusiness:,2
fifth,2
#trump,11
https://t.co/urop1jldcg,2
https://t.co/32uk85dsdl,2
224,2
title,2
schooling.,2
daily,2
don't,2
joke.,2
enough,3
"media,",2
crime,9
toâ€¦,2
september,2
only,14
going,10
black,11
hacked.,2
watching,2
seen.,3
.0001,2
awareness,3
carolina,3
"pedophile,",2
@_89m_:,2
â€˜radical,2
@ashghebranious:,2
between,5
soon,3
@titusnation,2
@sfpelosi:,2
seals,2
rejection,2
hedge,2
https://t.co/tv3yog2ydc,2
geo,2
lossğŸ˜‚#maga,2
freaking,2
https://t.co/tbo8bpfug0,2
reveal,2
#adarasiemprecontigo,2
https://t.co/ibefss4ipw,2
mattis,2
girl,3
things,2
leather,2
@rolandscahillâ€¦,2
@getouttheroom),2
#insurtech,2
https://t.co/yoe7mqsscd,2
naked,4
@judicialwatch,2
@sebgorka:,2
embassy,3
donaldğŸ‘¥trump,2
barrow,2
consigo,2
"juventude,",2
xmas,2
husband,2
#stocks,3
ignored,3
girlâ˜¹,2
"bilan""le",2
concert,2
#12ì§„ì„­,3
station,2
replies,2
funâ€¦,2
@iffconsulting:,2
elected,8
whoopie.,2
college,14
seal,2
apologies,2
@psjohnson23:,2
calendar,2
ignorance),2
@lorenzog191:,2
violates,2
wonder,2
Ã‰tats-unis:,2
camping,2
fdp,2
24/7,2
pro-trumpâ€¦,2
"""is",3
https://t.co/liqouscfu6,2
@pemersonhowell,2
behind,3
fromâ€¦,2
staffer,2
brazille,2
wasn''''t,3
teens,2
reading,3
https://t.co/buowhzkcow,2
@bocavista2016,2
oversized,2
yellen,3
"debate..""even",2
@rascal951:,2
jobs,3
esp.,2
jp,2
jr,2
blame,3
"""le",2
christmases,2
orderï½ã€æ”¾é€ï¼fate/grand,2
@a_single_bear:,2
19/jan,2
emotional,2
#arrestobamafortreason,2
article,2
innuendos,2
interfere,2
suppressed,3
doing?,2
tug,3
reaction,2
z,2
avoid,4
many,4
https://t.co/qizxtgtywp,2
according,4
"1,539",2
personal,3
https://t.co/0gw79y3pâ€¦,2
tous,2
comey,3
$800,2
mastercard.,2
3sanders,2
comeu,2
https://t.co/dholhnrxwy,2
visa?,2
gente,3
comes,3
https://t.co/ipmyfeossu,2
6,2
"felicia""",2
ğŸ’ƒğŸ»2016,2
https://t.co/exi26g1ku7,2
https://t.co/kqjmuyqbuq,2
color,4
28,2
"""it''''s",2
"efficient""",2
por,4
6.,2
mccain,5
https://t.co/cew1xumbev,2
https://t.co/037hrxlccb,2
didn''''t,8
learning,2
whatever.),2
#biafra,2
bizarre,3
network!!!!!,2
knows'''',2
turkey,3
electionâ€¦,3
name!,2
#nolowslibswontgo,2
thriller.,2
bernstein:,2
cares,3
@vanjones68,2
come,4
informed,2
vacation,2
tryna,2
beautyful,2
tesla,3
#toptags,2
third,2
@lauriecrosswell:,2
"games,",2
featuring,2
hardly,2
@richard14407640,2
quÃ©,2
wants,4
davila,2
educated,3
shopping,2
traitors!,2
@epicrooster0493,2
offered,2
formed,2
ik,2
@selinanajar:,2
centerpiece,2
mocking,2
wake,2
hashtag,2
mayward,2
side!,2
@gaswipe1:,2
those,4
case,3
newmans,2
myself,2
.@judgejeanine,2
"psychologically,",2
https://t.co/ujshjfimg1,2
these,8
"clearly,",3
enjoy.,2
casi,3
monger.,2
https://t.co/wmqjhnsqaa,2
2),2
w,3
https://t.co/i7r86vwtcr,2
@lesnews:,2
pizza,2
@leahmcelrath:,2
@johnfromcranber:,2
illegal'''',2
https://t.co/b91lrigo9s,2
landslide,2
margin,3
0am,2
pro,2
hoax:,2
@politico,2
https://t.co/g2wk4iwxoq,2
eventually,2
conventionaâ€¦,2
booth?,2
j,2
terrorists.,2
sleeping,2
couples,2
https://t.co/izinjfo29j,2
someone,9
https://t.co/fqyafexzcy,2
ironic,2
https://t.co/l6ewe0zveg,2
engages,3
everyday,3
worry,2
comments,3
pas,5
relations--that,2
@capslock_io:,2
media,7
bowl,2
@franklin_graham:,2
same,4
check,5
strings.,2
pac,2
speech,2
"Â£12,643.68/vote",2
@polyvore,2
"""i",2
tout,3
reminder,6
defines,2
retweeting,2
outrage?,2
todos,2
week,6
putin,9
é›£ã—ãè€ƒãˆãšã«ãƒãƒ©ãƒ³ã‚¹ã®è‰¯ã„é£Ÿäº‹ã‚’æ—¥å¸¸ç”Ÿæ´»ã§å®‰ãæ‰‹è»½ã«æ‘‚ã‚Œã‚‹å¦Šå¨ ã—ã‚„ã™ããªã‚‹é£Ÿã¹ç‰©10é¸,2
sang,2
u.s.-china,2
quien,2
driver,2
https://t.co/vxpgyzjbdp,2
director,4
https://t.co/0fgxzpjlqw,2
running,4
#dbt14gh17,2
"tiny,",2
arguments,2
weep,2
https://t.co/k7nkvzot8d,2
recounthttps://t.co/oguuivlsus,2
â˜ºhttps://t.co/ovin7oyk39,2
threaded,2
big-boy,2
whose,2
@specialkmb1969:,2
#christmas,2
"biggie,",2
"year""@ipritamofficial",2
"jews,",2
soul,2
#blockchain,2
''''crime,2
pronouncements.,2
ppl,5
tally:trump,2
"""peace",2
#chennaihttps://t.co/jmdmeyvhpr,2
model,3
https://t.co/khjt5yql2u,2
@dre_________:,2
fuckin!outraged!that,2
peace,2
#nyse,2
#ä¸å¦Š,2
@shewhovotes:,2
being,13
money,3
-first,2
fiqh,5
resolution,2
actions,4
time!!,2
eligiÃ³,2
@theseoulstory:,3
https://t.co/i8izpinaaa,2
scene'''',2
kasich,2
touch,2
clingers'''',2
@nsvietmix:,2
Ø³ÙƒØ³,2
taâ€¦,2
@abc:,3
blondes,2
til,2
@weneedtrump:,2
thinking,3
rose,2
briefings,3
seems,2
armedâ€¦â€¦,2
https://t.co/5f5blao6fu,2
#irrationalexuberance,2
1/2(æœˆ),2
https://t.co/nzwqrem0tj,2
4,6
overthrow,2
role,2
@funder,2
@headphonejones_:,2
@benshapiro:,2
real,7
around,5
desperately,2
read,4
cuando,2
sums,5
gonna,2
https://t.co/3ealpekjw6,2
early,2
retract,2
https://t.co/cga2sdo9md,2
abnormal,2
"address,",2
mom,2
#tdcelebrations,2
@failvres:,3
using,3
accepted,2
lady,4
@landwehr_erik:,2
dare,4
https://t.co/2k6af62onc,2
foodğŸ˜¹,2
@michellehux:,2
apple,16
https://t.co/zj1mhrjvxk,2
"tv,",2
https://t.co/roe2eelrjr,2
wikileaks'''',2
nigeria,2
trumpers,2
https://t.co/0eyicegepj,2
server,2
facing,2
304ğŸ’¥hillary,2
nubile,2
laughing,5
@hrithiktrends:,2
briefing.,2
waiving,2
64,2
tower,2
nice,3
@a_sirika:,2
reform,2
@janet_yackle:,2
https://t.co/3h3c0edhef,2
jews,2
exposed,2
ä»Šæ—¥ã¿ã‚“ãªtvä½•è¦‹ã‚‹ã®ï¼Ÿ,2
ï¼ 0pcb,2
hacks,7
hungry,2
#Ø³ÙƒØ³_Ø¹Ø±Ø¨ÙŠğŸ¬ğŸ“²,2
fatwa,2
images,2
users,2
bless,3
mafia,2
inâ€¦,2
w/stand,2
highest,2
definit,2
filling,2
@dexbarton:,2
conservative,2
@jordansdiamonds:,2
#win,3
provides,2
https://t.co/oe4a130mql,2
porter,2
https://t.co/xhldetn7h8,2
elon,2
felt,3
@trustforcesec,2
power,5
@petersterne:,2
left,3
nails,2
#uberchile,2
iconic,2
#cemungudahokâ€¦,2
"yeah,â€¦",2
hack.,2
"magnÃ­fica"".zasca!!!!!",2
fathom,2
visits,2
terrified,2
https://t.co/w1zotpsxsm,2
@theabscbnpoll:,2
exciting,2
#streetfood,2
on,93
"insensible,",2
oh,2
/r/futurology,2
of,140
bffs?,2
out?,2
ideology,2
ga,3
muslims,2
wolf,2
vieâ€¦,2
threesome,2
gregory,2
os,2
or,22
trump?Â ,2
https://t.co/xvhr9â€¦,2
"house""",2
empresa,2
#uslatinoâ€¦,2
leaderâ€¦,2
@kylewassom,2
@richardtburnett:,2
bellaaaa,2
child,2
well.,2
flavors,2
winter,2
house!,3
involvement,2
@joefreedomlove:,2
shock,2
apologize,2
happening,3
sweepstake,2
your,29
@hillarysmen:,2
yarimâ¤ğŸ˜,2
premio,2
@croqkbh:,2
#å¦Šæ´»,2
there,12
@border_sharon,2
emotionallâ€¦,2
lol,7
back-stabbed,2
sampling,2
los,5
"prevenge,",2
racist,2
lot,4
dumping,3
cultures,2
httpsâ€¦,6
americaâ€™,2
you.,5
"you,",2
complete,2
https://t.co/9eimgdk0vu,2
"""fbi",2
@hanaxhudo728,2
spider,2
you?,2
land,2
#movies..,2
https://t.co/kcap5gt14x,2
fighter,2
sÃ©curitÃ©,2
trying,8
with,48
https://t.co/kjqzp2jssd,2
https://t.co/omdtâ€¦,2
@jemelehill,2
fraud,3
mom?michelle,2
fix.,2
are.,2
@cccinnc:,2
toda,2
#Ø®Ù„ÙÙŠ,2
https://t.co/8uatrg6qnl,2
teamâ€¦,2
egomaniac,2
ì°¬ì´,3
#sandra,2
tad,2
grass,2
agree,6
5-year,2
gone,2
#trumptrain,5
#maga,2
ad,2
#spx,2
af,2
ai,4
aj,2
am,6
c),2
watches,5
an,34
https://t.co/wkww8syfbg,2
!!!!!,2
as,28
iâ€¦,2
at,32
@cassandrarules:,2
organised,2
watched,2
@senjohnmccain,2
fill,2
again,6
à¸­à¹‰à¸²à¸‡à¸­à¸´à¸‡à¸ˆà¸²à¸,2
want,10
5ft,2
@rivkajacobs:,2
https://t.co/m5jaz3vgr1,2
https://t.co/p7p3is7696,2
introspection,2
field,2
beverage,2
5,5
"election""",2
bag...he,2
you,60
trash,2
poor,3
"""donald",2
famelay,2
blessing,2
#gameinsight,2
hey,3
congress,2
https://t.co/2lk6qs9602,2
ğŸ’¥ğŸ’¥,2
â€œtheir,2
merkel.,2
"merkel,",2
"""fake",2
important,6
ofâ€¦,3
stocks,4
sulle,2
pool,2
https://t.co/857uvm1lwb,2
building,2
@tiznado_ruben:,2
#morale+66/6eye,2
calls,4
https://t.co/tnacjuvnrg,2
https://t.co/7bueimhvdi,2
mask,2
who''''s,3
#familyvacation,2
@dvmnbre:,2
u,6
https://t.co/6dwmldznvj,2
treason,2
https://t.co/lckjhu0kga,2
@riturathaur:,2
#penang,2
bolton,2
@the_trump_train:,2
finally,2
silent.,2
#giveaway,2
all,16
@marianorajoy,3
forget,4
chinese,4
lack,2
"movies,",2
month,2
@realdonaldtrump--the,2
Ù‚Ø´Ø·Ø©,2
briefers,2
https://t.co/5adh9untvk,2
follow,4
kick-ass,2
ğŸ¤”rt,2
far.,2
@mjs_dc:,2
#trumphttps:â€¦,2
andrea,2
#russiahttps://t.â€¦,2
homage,2
tv,11
"liar,",2
https://t.co/iwlva4gbce,2
thursday,2
@amichaistein1:,3
to,237
https://t.co/yhez4ayxd0,2
@samanthaclarkh:,2
"""love""?â€¦",2
clerics,2
health,2
"pence""",2
https://t.co/d5vf1yxbvp,2
waâ€¦,2
wmd,2
sound,3
#instagramers,2
woman,2
@sopandeb:,2
insults,2
sitting,2
very,3
(documentary),2
horror,2
"tour,",2
shoots,2
subject,2
sono,3
simpsons,2
rogue,2
worst,2
condemnâ€¦,2
fall,2
scapegoats,2
casa,2
#chennaihttps://t.co/ylc3uuywpu,2
difference,2
hmm.,4
"college,",2
.@jeffreykleintop,2
https://t.co/tdj3bkimoi,2
@mikeallen,2
moines,2
regarding,2
@mattyglesias,2
"fattest,",2
benevolent,2
issue,3
celebrity,2
@realdonaldtrump:,2
list,4
@trafficwmp,2
#russianhack,2
large,2
"weak,",2
matchã€vsã‚°ãƒ©æ°ã€‘,3
mvpğŸ¯,2
harry,2
small,4
@chloegmoretz:,2
"yeah...i''''m,,,not",2
â€˜first,2
"@realdonaldtrump,",2
mosul,2
@joshtpm:,2
has.,2
https://t.co/fzmg6mmhgv,2
previram,2
instagram,3
ten,2
sbs,4
boom:,2
penalties,2
@crazedontequila,2
''''massive,2
jerk.,2
past,2
discussing,2
zero,2
wife,4
further,2
wins,4
"lying,",2
@marybernstein14,2
conscience,2
what,27
abc,3
sua,3
cast,3
nana,2
#cosproject,2
#newsintweets,3
stunning,2
him.,2
@trumpnewsz:,2
"him,",3
abt,3
scientists,3
@gogogrooveâ€¦,2
https://t.co/tuwzxj7â€¦,2
salah,2
public,3
lesbos,2
feinberg:,2
@imuntouchable49,2
full,6
iran,3
vernichtet,2
ma,3
himes,2
theresa,2
ğŸ¤,2
work:,2
free,8
#clintons,2
https://t.co/mmjweaacja,2
@crushingbort:,2
https://t.co/vg1amhsstq,2
legarreta,2
''''why,2
#formeplusyououtnow,2
@jahimes,3
tweets,3
@s_navroop:,2
@cmpg_flo:,2
creepy,2
#kettlehop,2
https://t.co/ia6pd6gcbj,2
amount,2
swamp.,3
@drottm,2
"swamp,",2
pick,6
colaboradores,2
medicarâ€¦,3
#â€¦,2
minutos,2
via,20
story:,3
@nytimes,2
deals,2
@washingtonpost:,2
@riotwomennn:,2
@hima_shi:,3
ask,3
https://t.co/qvi8ihs7sg,2
broadway,2
know.,2
https://t.co/hc1uw0hq0o,2
#hangemhigh,2
20.,2
https://t.co/i2putqfnww,2
https://t.co/e45g1c8z4h,2
kan,2
rhey,2
environment,2
takes,2
much'''',2
dyuh'it's,2
https://t.co/gcwmbxsk7k,2
wrong!fuck,2
debate:,3
two,5
zo,2
conspiring,3
"debate""",3
epicenter,2
@berniesanders,2
debate.,2
@ahokdijegal:,2
kick,2
moeğŸ’€,2
gsm,2
8:26,3
more,28
teen,4
flat,2
israel,2
@matthewstoller:,2
ğŸ’ªğŸ»,2
knows,3
votes.comment,2
chinaâ€,2
@johnkasich?,2
https://t.co/ufeqelpd8b,2
flag,2
corleone,2
"#nawazruinedpakcricketweldone,ht",2
basically,2
https://t.co/wnb4qoryv4,2
anyâ€¦,2
"turkey,",3
appearances--maybe,2
cunning,2
#syria,2
elected...,2
hour,2
science,2
des,2
rajoy...la,2
huge,2
minhas,2
paragraph,2
del,7
@abematv,2
learn,6
dea,2
@kthalps:,2
means...wait,2
â€,2
dems,6
"""thereâ€™s",2
https://t.co/qpq44h7m2q,2
civilizations,2
scam,2
@neontrotsky:,2
https://t.co/js8zosfab5,2
747,2
saiâ€¦,2
share,4
@papasuqa:,2
accept,4
days,5
states,3
fiorina,3
sense,2
pone,2
assassinated,2
denialâ€¦,2
failğŸ‘‰ğŸ»bill,2
f.,2
information,3
needs,5
occultist,2
court,4
goal,2
drained,3
rodri,2
rather,2
acts,2
audacity,2
https://t.co/6fzbb8104e,2
post-presidency,2
hasnâ€™t,2
@siphano,2
threats.,2
ratifies,2
goat,2
either,2
kesha,2
https://t.co/sxez6hi570,2
https://t.co/sdrycy03wx,2
funny.,2
plans,5
chicago.,2
faced.,2
@theonion:,2
#pdxresistanâ€¦,2
"protect,",2
state.,2
"genius,",2
"state,",2
@colinjost:,2
idiocy,2
breitbart,3
faced:,2
dec.,2
"""progressives""",2
https://t.co/tnu98nx9zu,2
goals.,2
https://t.co/ole4mswvbu,3
tacos,2
@inthesetimesmag:,2
response,4
recipe,2
a,161
ğŸŒˆâœ¿,2
criticize,2
#smallbeginnings,2
"influence""",2
tweeting,2
@joerogan,2
documentation,2
@mikemiesen:,2
dragon,5
"though,",2
â€˜islamâ€™s,2
act.,2
pay,2
lmfaooooo,2
words,3
eagle,4
hecking,2
coisa,2
ğŸ¤”,3
@washingtonpost,2
help,6
foxâ€¦,2
"""if",3
"uh,",2
"""hoax.""",2
installed,2
held,2
isnt,2
already,4
through,4
cost.,3
committee,2
committed,4
hell,2
again(until,2
its,8
https://t.co/8p8svmwfoc,2
howâ€¦,2
25,2
style,3
#ai,2
https://t.coâ€¦,5
@cia,3
"clarify,",2
putin''''s,3
(debate),2
assaulting,2
"""female",2
course.,2
beige,2
actually,6
#bairavaatracklist,2
disagrees,2
radical,2
stephen,2
discrimiâ€¦,3
2.,2
obamâ€,2
might,10
#breaking,2
"sabotage.""",2
@_royalove:,2
it.,5
"it,",5
good,10
sucking,2
yo,2
seeking,2
food,32
''''meet,2
https://t.co/bzcbt0iaxd,2
buys,2
yg,5
it!,2
jours.,2
https://t.co/bildjbsxus,2
communities,2
results?â€¦,2
linking,3
@cnnpolitics,3
bigger,2
sucked,2
america.,2
bryan,2
failed,2
pregnant,2
mantener,2
always,2
"system,",2
https://t.co/8lboeou3ab,2
tanta,2
financiers.,2
mÃ¡s,2
1),2
goofy,2
stopped,4
mastered,2
"also,",2
2c,2
"""breaking",2
found,2
shocking,2
obligated,2
traveled,2
dâ€¦,4
hero:,2
clamp,2
everyone,4
neil,3
@davidfrum:,2
warfare...,2
https://t.co/lwgbugpzit,2
house,5
energy,2
hard,5
idea,4
dia,3
nezello,2
can''''t,9
@brassmonkey3434:,2
resumido,2
nc!,2
$1.7,2
lÃ­deres,2
election.mcconnell,2
beyond,2
https:/â€¦,5
event,2
really,11
https://t.co/tjrei01v4h,2
strings3.,3
sure..,2
flower,2
missed,2
à¸™.(à¹„à¸—à¸¢),2
since,5
elizabeth,2
trusts,2
"america,",2
@jonyourside:,2
acting,3
@rambobiggs:,2
â€œrussia,2
hill,2
7,2
get,14
https://t.co/vdylemd5fx,2
evaluation,2
ã€Œæ±äº¬çµ¶å“ç¥ã‚°ãƒ«ãƒ¡,5
ass,3
bye,2
pun,2
wisconsin,2
didnâ€¦,3
"""bye,",2
flashback:,2
â€œoutright,2
guess,4
politifact:,2
collab,3
extraordinary,2
reason,5
https://t.co/uhcpvd4xmk,2
brexit?,2
members,4
imagine,7
put,6
rises,2
beginning,2
@gop,2
lovÃ©,2
https://t.co/relz6fsgk1,2
driven,2
thread,2
@lynn_moody:,2
meaningâ€¦,2
https://t.co/ldlvmow4dr,2
nome,2
lol.,2
merrimon,2
oganjaâ€.,2
american,7
threat,4
progressives,2
"black,",2
@bigtimeart:,2
flip,3
throws,2
major,3
bonito,2
@everywhereist,2
dont,4
@business,3
feel,4
out...stop,2
s...,2
arsenal,2
presidentâ€™s,2
"inmoral,",2
https://t.co/j48yvum5wy,2
done,3
"header,",2
investors,2
fees,2
term.,2
lieâ€https://t.co/cgqvrkrzev#trump2016â€¦,2
bullied,2
occurrence,2
"well,",2
story,3
"""",3
heads,2
leverage,2
flock,2
@cliffiroanya:,2
ã“ã“æ•°ãƒ¶æœˆæ¢ã—ã¦ã‚‹ã‚“ã ã‘ã©ã€appleã®èª¿æ•´æ¸ˆè£½å“ã«ipad,2
leading,2
porn,4
https://t.co/5au4hxlvmw,2
least,3
contra,2
wonderful,3
remember:,2
statement,2
2017â’‘,2
founder,2
carly,4
too,8
mini,2
"""i''''m",2
@cnbc,2
cia''''s,2
points.,2
president.leâ€¦,2
sphere,2
https://t.co/ujjkdaw1h6,2
park,2
youâ€™,2
prediction,2
#december11,2
ğŸ˜Š,2
part,4
taught,3
condemns,2
rnc''''s,2
blindly,2
"2012,",2
"argument""",2
2012.,2
believe,9
convinced,2
grace,2
ğŸ˜…,2
obama,41
king,3
b,3
world.https:/â€¦,2
#obama''''s,2
#ç›¸äº’ãƒ•ã‚©ãƒ­ãƒ¼,2
downsâ€¦,2
@godfaithinyou:,2
head;,2
evâ€¦,3
finances,2
wrongâ€¦,2
game,2
2020,2
tecmo,2
insulted,2
beinâ€¦,2
woohoo!,2
@dolly1gnar1:,2
@alyssacolelit:,4
isn't,2
sentenced,2
deciding,2
nominee,3
we''''re,3
seth,2
seared,2
react.,2
lmaooooo,2
@barrio_tuetano:,2
@maywardofficial:,2
gala,2
@turnercampdave,2
fraud.,2
confirms,2
philly,2
orders,2
sensual,2
cuâ€¦,2
mtv!!,2
lie,3
"fbi,",2
built,2
https://t.co/nixvwv6czs,4
yourselves?,2
tv]boys24,3
bacon-one,2
"rÃ­an,",2
mcconnell''''s,2
k.,2
parece,2
also,4
wat,2
internal,3
politico,2
build,2
zeg!,2
stinky''''s,2
"corrupt,",2
"""snl""",2
interfered,2
huffpoo,2
play,2
towards,2
squint*,2
threatening,2
weiner''''s,2
goldman,2
@cut_50:,2
@bizpacreview,2
sausage,2
took,2
react,2
most,12
https://t.co/xn6fycy75u,2
plan,3
significant,2
nothing,3
https://t.co/myldw550ut,2
#food,7
votes.#abscbnpollwhotosave,2
@stonekettle:,2
f''''sho.,2
wonâ€™t,2
@samkalidi:,2
disponible!,3
clear,2
mia.,2
cover,2
https://t.co/dsmqtqinde,2
shâ€¦,4
waning,2
"yeah,",2
"security,",3
pic,2
https://t.co/9xzjevmhgm,2
https://t.co/yj6ma6cnei,2
@debdebbailey:,2
rakyat,2
"ends,",2
attacking,5
nobility,2
joining,2
clothing!!),2
workout.,2
https://t.co/rqkuw5pfkh,2
@tusk81:,4
(2/3)joshlia,2
gold,4
cruises,2
lay,2
ğŸ˜Œ,2
gdr,2
@activist360:,2
outdoor,2
businesses,2
batman,2
@chris_arnade:,2
https://t.co/yvhqcy7rjl,2
$4,3
impact,2
access,3
forward.,2
music,3
justice,4
(donald,2
waiting,3
https://t.co/vjmbu0yreg,2
penalty,2
moments,2
@kazokunomikataã•ã‚“ã‹ã‚‰,2
"""having",2
pretty,4
questions.â€¦,2
8,3
https://t.co/o6rzhnxg0o,2
tweeting!!!,2
trump.#trump#cia#fakenews#msm,2
harvested,2
electors:,2
his,34
hit,2
gains,2
"""make",2
$2.3m.,2
"alive,",2
ã‚’éŒ²ç”»äºˆç´„ã—ã¾ã—ãŸã€‚[tokyo,2
thâ€¦,2
wouldn''''t,2
guapisima,2
"""diamond",2
"snopes,",2
interview:,2
Â¡noticias,3
1ron,2
https://t.co/waamâ€¦,2
@cnnmoney,2
during,4
oprah:,2
him,12
emailsâ€,2
cringy,2
enemy,2
@httweets:,2
regulations:,2
#celebrationâ€¦,2
3g,3
childhood,2
dijon,3
"idiot,",2
@cmpgdep,2
idiot.,2
six-month,2
investigate,3
#bairavaatracklistonlaharimusic,2
glover,3
@repwalterjones,2
gotten,2
kill,2
ivanka,2
@potus,5
cheese,2
wrote,2
cranston,2
seu,4
#wapo,2
https://t.co/m4syodtuoa,2
drafted,2
intelligence,12
https://t.co/hxbwn2b4b5,2
@seanspicer,2
''''ultimate,2
@pokebtch:,2
see,10
individual,2
@_proud_american:,2
are,39
dâ€™annÃ‰e,2
malâ€¦,2
portrait,3
#trading,2
categotories,2
arm,2
2.5,3
barn,2
@mitchellvii,2
ethnicity.,4
threats,2
promocional.,2
youâ€¦,2
https://t.co/joupwq89yw,2
movie,2
wow,2
https://t.co/gdpekata2k,2
electoral,20
@ssnpodcast:,2
rod,2
"""#holupitsbobbyday""",2
won,3
"years,",2
ps4,2
wok,2
"cat,",2
burned,2
#military,2
#swag,2
rosa,2
https://t.co/z2zfbvey9o,2
https://t.co/9joymdfhcp,2
knowing,3
blow,3
korea,2
@gop:,2
@uniq5br:,2
sole,2
https:â€¦,5
#clemencynowâ€¦,2
@turntalien:,2
sola,2
https://t.co/k6txxlown0,2
aircraft,2
death,2
lifetime.,2
.@phuck_you101,2
no.americans,2
https://t.co/sb7cmcssb1,2
betrayed,2
market,4
countdown.,2
visitÃ³,2
both,3
https://t.co/clxwbaalym,2
last,5
https://t.co/szcy7vmmtd,2
https://t.co/l2ueawdz54,2
restaurant,2
ousted,2
@thehill:,2
@aliceteller,2
frase,2
foreign,6
https://t.co/on5bhk7hvm,2
shimmermint,2
#trumpleaks#russiagate,2
became,2
#é£Ÿäº‹,2
suede,2
"gop,liberal",2
struggled,2
Â¿quÃ©,2
protector,2
whole,3
finds,3
load,3
liked,3
beingâ€¦,2
https://t.co/i0dymr6fch,2
@biblegirl666:,2
point,4
reasons,2
each,2
smashing,2
except,3
112k,2
agents,2
likes,2
https://t.co/qzvdtliwre,2
itâ€™s,2
favoriteb:,2
election?,2
"hey,",2
devil,2
pv,3
mention,2
webdrama,2
@jokowi,2
https://t.co/gnbvf0xspd,2
huh.,2
political,6
due,3
@ebay,2
election.,5
"election,",2
https://t.co/vf2ybwqd4e,2
damn,5
election),2
italian,2
@mmurraypolitics:,2
meeting,2
"""state",4
@g_mccray:,2
handoff,2
nos,2
https://t.co/1hqa3edd4o,2
#musicmonday,2
"like,",2
somali,2
contra.,2
#hb,5
https://t.co/8mtkit6lfw,2
mine,2
@sarahkendzior:,2
fund,2
#kaabiltrailer2,5
understand,3
gah,2
rocking,2
@20m:,2
dicks,2
uncertain,2
look,5
@antennasignal:,2
hacking.,2
#kellyfile,2
straight,2
bill,6
elections,2
https://t.co/yd7gejfz45,2
(true),3
while,8
socialism,2
nate,2
fun,3
huffington,3
galerÃ­a,2
manner,2
listen,2
*swoon*,2
laloosh,3
employees,2
voters,2
supposed,2
intelligence.,2
"supporters,",2
copying,2
add:,2
itself,2
christmas2016/12/20,2
@cbouzy:,3
â€œweâ€™ll,2
ready,3
rig,2
rid,2
bannon''''s,2
whoreâ€™,2
funny,3
@ashleyllouise:,2
"probes,",2
anymore,2
trial,2
attackiert,2
@steven_strauss:,2
stâ€¦,2
tells,2
#pizzagate,3
fueron,2
#pretty,2
3john,2
@hagoodmanauthor:,2
9,2
@rscgop:,2
https://t.co/jyfsqvj0nd,2
year''''s,2
used,5
d.c.,2
forced,2
gallery,2
"socks,",2
negotiate,2
folks?,2
@cctvnews:,2
#å¦Šå¨ ã—ã‚„ã™ããªã‚‹,2
moment,2
admitting,4
https://t.co/nys5qmh19n,2
@msnbc,2
@jamesmeroney,2
@horrorfreaknews:,2
read?,2
https://t.co/v59o7cnwrf,2
entra,2
pres-elect,2
net,3
people!,2
cook,2
older,2
rules,2
people.,3
dancing,2
anybody,2
#fintech,2
picks,2
sweeteners!...,2
person,4
body,2
(some,2
y,7
immediate,2
ã‚’æŠ•ç¨¿ã—ã¾ã—ãŸã€‚,3
macintosh,2
missed.,2
spend,2
#appleâ€¦,2
"awhile,",2
iâ€™m,2
voa/rfe/rl,2
#gaypiss,2
ceo,2
allâ€¦,2
/foxnews,2
claro,2
paws,2
@verifieddaniela:,2
hisâ€¦,2
https://t.co/qachi0lnntâ€¦,2
stunt,2
18.55,2
love,9
taiwan,2
yes!!,2
@lobsterstyle:,2
"days""https://t.co/izkm0k2fai",2
@makeupicon:,2
lit,2
@deplorable4l,2
#mondaymotivationâ€¦,2
pollster,2
"entertainment,",4
"zachter?""--&gt;",2
https://t.co/fuz0nrjxcn,2
https://t.co/ogibw6l7qg,2
source,3
@prisonplanet:,3
surprised,2
sandwiches,2
...,3
indonesian,2
https://t.co/8whqdxobpu,2
food?ğŸ˜«ğŸ˜«,2
big,5
bid,2
unlimited,2
triste,2
judgement,2
shitty,2
haâ€¦,2
@starz:,2
@buzzyanne,2
bit,2
â€œâ€¦who,2
lunacy,2
overthrown,2
https://t.co/h2blxgvbgr,2
putin..â€¦,2
"""outright",2
bout,2
@nytopinion:,2
texting,2
https://tâ€¦,5
jobs.,2
ignorance,2
shapes,2
collect,2
@readthehornnews,2
donna,2
"jadi,",2
ticÂ´s,3
popular,8
#got7â–ºhttps://t.co/irmd7usmfoâ–ºhttps://t.co/aqlihfed43,2
weiner,2
sachsâ€,2
@usatoday,2
quiÃ©n,2
@gerrycanavan:,2
often,3
45th,3
fucking,9
tambiÃ©n,2
1st,2
some,9
back,8
nÃ©?,2
https://t.co/hvuyscmhdw,2
trends,2
economic,3
"""we",2
https://t.co/afqautxjqk,2
sheesh,2
jackass!,2
delivered,2
"women,",2
blowers,2
prison,2
absolutely,2
shall,3
lieâ€https://t.â€¦,2
@saletan:,3
per,2
commented,2
women:,2
@nytpolitics:,2
04:51,2
hahaha!,2
slash,2
iceland,2
ape,2
islamobama,2
prob,2
@aral3am:,2
https://t.co/h55ray9uv6,2
be,46
run,7
prescott-romo,2
bc,4
fresco,2
@rthtgakaroland:,2
martin,7
304,3
agreement,3
refused,2
"""lost",2
vedeos,2
@cbsdc,3
@traciln1164,2
santa,2
become,3
refuses,3
feb,2
2/2,2
raspberry,2
by,29
shine,2
faith,4
wildlife,2
asserting,2
@slimthicklou:,2
anything,5
"rigged,",2
refugees,3
firing,2
mrs.,2
#entercourse,2
@asamjulian:,2
slams,2
whom.,2
@billclinton,2
brody:,2
congressman,2
committees/priebus,2
november''''s,2
ã‚­ãƒ¢ã‚¹ã‚®ï½¨ï½¨ï½¨ï¼,2
block,2
escaâ€¦,2
credible,2
clinton,24
terrorists,2
nsa,2
into,11
https://t.co/iergwko8cw,2
concerned.,2
@kaycepiccolomi3:,2
@hrithikdbest:,2
hope:,2
appropriate,2
nigga,2
htâ€¦,2
161231,2
@ten_gop:,2
https://t.co/ckg43krldt,2
@thedemocrats:,2
"russia,",2
next,7
"desktops,''''",2
holidayÂ fun,2
#dontdrâ€¦,2
theory.,2
impressed,2
227powell,2
hope...,2
æ—¥åˆŠã‚¹ãƒãƒ¼ãƒ„,2
famous,2
pierde,2
@salon:,2
"carjacker,",2
tÃ´,2
https://t.co/wmfinma4do,2
question,2
msm,3
#resist,2
u2,2
you???,2
#trial,2
@bfraser747:,2
apocalypse.,2
https://t.co/lvma9vn9lx,2
:,5
https://t.co/kya7â€¦,2
iphone,3
https://t.co/hjffarpee9,2
https://t.co/8jpdsiip5v,2
retina,2
Â¿por,2
hellary,2
@desconhecidosf:,2
@iamm_zion:,2
@markdice:,2
"barcelona,",2
assaâ€¦,2
cooperation.,2
this:,2
russian,23
line,2
@gavinnewsom,2
https://t.co/tydfuruoy1,2
@quietslxm:,2
cia,24
kennedy''''s,2
elected.,2
"elected,",2
"win,",2
dog,2
"house....""welp.",2
up,19
us,20
ur,3
um,2
uts,2
un,3
today,6
https://t.co/6kmobqkotw,2
retaliatory,2
chelsea,2
called,6
https://t.co/v2ebakwbzh,2
uber,4
@wikileaks:,3
job'''',2
v,2
nationalist,2
@masakun1182:,2
alongthis,2
flocked,2
influence,2
top.tags,2
"lost,",2
globally,2
associates,2
ignorance.,2
@massimobarone:,2
@nprkelly:,2
graham,2
#korea,2
https://t.co/wywurth7nn,2
https://t.co/4vzclncmk8,2
traditional,2
"illegitimate.""",2
codes,2
snatching,2
swamp,2
https://t.co/xsabdu9wse,5
weight.,2
https://t.co/smkrkpnfqe,2
@eduflack:,3
*jameis,2
backs,3
pomegranate,2
habrÃ¡,2
recordat,2
started,4
politicians,2
@jaketapperâ€¦,2
dept.,2
themselves.,2
ã€ã‚«ãƒ«ãƒ‡ã‚¢æ”¾é€å±€ã‚ˆã‚Šã€‘æœ¬æ—¥22æ™‚ã‚ˆã‚Šã€Œfate,2
department,2
aunt,2
f-35,3
yoâ€¦,2
maconha.,2
"before,",2
pÃ´ster,2
elements,2
&gt;&gt;,2
@dowjonesâ€¦,2
#colorful,2
backbone,2
problems,3
robots,2
addiction....,2
hiâ€¦,2
https://t.co/2zo3yvefyi,2
evan,2
allowing,2
guilt-free,2
milliarden.,2
song,3
''''disdain,2
ago,2
estÃ¡,4
doesnâ€™t,2
"""trump",4
vice,2
age,2
demonetisation,2
youtube,3
shoutout,2
inauguration.,3
"back,",2
summit,2
2006,3
fitted,2
2004,2
https://t.co/xipfentknh,2
32gb,2
intentional,2
sounded,2
once,3
@jaketapper,3
@justasillygame:,2
reprendre,2
code,2
@sadfndngfathers:,2
https://t.co/vycms6cllw,2
@drjillstein,2
pussy.,2
results,2
steve,2
baby,2
we''''ll,2
oveâ€¦,2
$lii,2
go,13
@headofcmpg,2
flashback,2
tweeted,2
carâ€¦,2
#nature,2
issues,3
"votes,",3
@cliquetv:,2
breached,2
"$1m,",2
@chanteilly,2
concerned,3
young,3
https://t.co/khg4jx7sg8,2
trump'''',2
@goldengateblond:,3
ojeando,2
representa,2
facebook.,2
vant,2
"""ciutat",2
(not,2
@lybonv4,2
rae''''s,2
include,2
gb,2
sent,4
"issue,",3
stocked,2
probe,2
@evanlaksmana:,2
@facmagnaamerica:,2
costos,2
intel,5
flag'''',2
tv...ci,2
facebook,2
"more""",2
romantic,2
telling,3
g.,2
drinking,3
maaf,2
tabule''''s,2
https://t.co/3rrh15pyba,2
@ezlusztig:,3
@shamirebel,2
sen.,2
"september,",2
@_cameronmassey_:,2
#tcot,2
button,2
having,4
michael,3
eve,2
fewer,3
@davidwebbshow:,2
try,6
#war20:20,2
legÃ­tima,2
us.,3
ğŸš«,2
@politico_45:,2
lime,2
ride,2
#drones,2
agency?,2
@joenbc:,4
"sex""",2
https://t.co/5yln1rwuâ€¦,2
"pants,",2
â€˜thank,2
marihuana,2
@teenvogue,2
china?,2
voice.we,2
scientist,2
privy,2
imply,3
video,13
wiâ€¦,2
"china""",2
download,3
@business:,2
china.,3
odd,3
elisa,2
"instead,",2
mbc&lt;2016,2
universities,3
"says,",2
staffers,2
plays,4
business,2
paintings,2
giving,3
state''''s,2
hopelessness.,2
that!,2
sweaty,2
gen.,2
https://t.co/hhxzxt1xfz,2
@r1verstyx,2
@pablo_iglesias_,2
@boys24_official:,3
revolutionariescia,2
#ssnpod,2
@ezlusztig,2
accountable.â€¦,2
traitor;,2
https://t.co/jqcyjjjlg2,2
trump:i,2
twitter.,2
"twitter,",2
https://t.co/n00xndiyxa,2
stance,2
kstğŸ™ŒğŸ‰ğŸ’ğŸˆhttps://t.câ€¦,2
@burcu_ozberk,2
electors'''',2
@pritamfc:,2
cnn,2
congress.,2
@dizeye:,2
desired,2
daring,2
les,4
let,5
sink,2
@cmpg,2
#pahangtopenang,2
"196,234",2
russia?'''',2
safer,2
"elex,",2
post-truth,2
birther,2
great,10
broken,4
https://t.co/gx5hupxj9c,2
withdrawing,2
@lee_in_iowa:,3
@diamondandsilk,3
@bocavista2016:,2
stewartâ€™s,2
@georgewill.,2
@o4america:,2
"forgive,dont",2
#spitball'dyuh,2
proof,2
makes,6
maker,2
diterima.,2
named,2
@gunwinner!,2
muslimfox:,2
@jamespurefoy,2
tau,2
win,8
https://t.co/aegnevgmi2,2
someâ€¦,2
8years.,2
private,2
"briefings,",2
order,2
ğŸ˜Š),2
https://t.co/lyrugc6fry,2
@justinamash:,2
@davidyankovich:,2
apply,2
patsies?,2
presidente,2
use,3
@richardosman:,2
from,27
usa,3
@electoralcollge,2
https://t.co/yytt1rvfrr,2
bankers?,2
"""attacking""",2
"""me:",2
"$975k,",2
https://t.co/s4bmgkj6f2,2
https://t.co/bsmvfpt9uw,2
spying,2
doubt,3
wycheproof,2
reciprocity,2
@johnmccain,2
length,2
pushback,2
raila''''s,2
president:,2
booty,2
parliament,2
president?,2
@yahboyahmed:,2
aboutâ€¦,3
name.,2
becomes,3
"name,",3
#æ „é¤Šç´ ,2
deaâ€¦,2
https://t.co/sx9drr5gke,2
mddâ€¦,2
"outcome,",2
president),2
president.,9
"president,",3
"president""",2
https://t.co/iocaisd9hw,2
president!,4
events:,2
@dineshdsouza:,2
women,5
indoor,2
majority,2
meen,2
practicing,2
us!,2
this,54
@daveweigel:,3
challenge,3
don''''t,9
pour,3
"racket,",2
recipeâ€¦,2
@youngdems4trump:,2
#pahang,2
praise,2
sandberg,2
meet,2
#dec19,2
tds.,2
"""donations""",2
journal:,2
sister,3
porque,2
politics.,5
snacks,2
estaâ€¦,2
#trumpsamerica,2
helâ€¦,2
tax,2
@bencjacobs,2
@summerbrennan:,2
@nicolasd1977:,2
high,4
quarter,2
@thedailybeast,2
something,7
slip,2
https://t.co/q1gqqpnitx,2
dominant,2
voice,2
preâ€¦,2
class.,3
reasonâ€¦,2
https://t.co/qpl2swkpvp,2
united,4
reminder:,2
falls,2
busy,2
destroying,2
"kindness,",2
says.,2
inaugural,2
dependent,2
"speech""",2
#travel,2
instead,5
trump.mcconnell,2
intelligent,2
https://t.co/frd8hjpdku,2
stock,3
https://t.co/2kwlmr6xud,2
trumpğŸ’ƒğŸ‰ğŸ¾ğŸ’ƒğŸ‰ğŸ¾ğŸ’ƒnow,2
administrator,2
#security20:20,2
finalâ€¦,2
falta,2
watch,13
india.,2
20'''',2
awesome#,2
collection,2
link:,2
ã€ãƒã‚±ãƒ¢ãƒ³smã€‘å¿ƒã«åˆ»ã‚€entertainment,2
men,2
2014hypocrite,2
ties,3
https://t.co/rvw9rw23ne,2
infowars,2
line:,2
chasing,2
democracy,2
https://t.co/dxazsyutcq,2
â€˜97,2
ties.,2
sit,2
19.12.16,2
@nupe117:,2
@jordancs87,2
chief,2
advocates,2
allow,4
https://t.co/rguyjp6lyx,2
#polyvorestyle,2
"dinner""",2
swimming,2
guy,2
houston,2
six,3
"electors,",2
"""friends"")",2
https://t.co/c4czfxaz8e,2
demand,6
@deanofcomedy:,2
"liberals,",2
@filmkraftfilmsâ€¦,2
grimaces,2
wow.,2
abbas''''s,2
including,3
looks,2
(before,2
@joerogan:,4
mentioned,2
electors,11
@kamvtv:,3
#rock,2
warren,2
curâ€¦,2
le,4
la,12
chosen,2
send,2
ships,2
@winorgohome:,2
labor,3
whatâ€¦,2
willing,2
soâ€¦,2
orange,2
2017,3
2016,10
world.,2
serie,2
mn,2
nkvd,2
lunatic,2
salad,2
washington,2
''''bitter,2
"6,970",2
dak,2
fry,2
revealed!,2
#hearties!,2
https://t.co/hfxâ€¦,2
republican,3
hÃ¢te,2
day,6
presidential,14
crass,2
@robportman,2
cotton,2
einstein.,3
@akaebube:,2
-â€¦,2
lifetime,3
delightful,2
"mic,",2
@crushonbam:,2
retrouver,2
truth,4
truâ€¦,2
https://t.co/gcele5vihfhttps://t.co/ql0j5xgtz1,2
"dumbest,",2
|,7
#healthtech,2
seniors,2
oui,2
@selfagency:,2
https://t.co/snx5ypurmx,2
@cosrally:,2
https://t.co/wmiicpnfzs,2
doing,4
lists.,2
palhaÃ§ada,2
artists,2
tâ€¦,4
bioscoop,2
related,2
"""getting",2
sexy,4
https://t.co/nbtejqmjcm,2
well.....,2
#stateofemergency.,2
our,21
https://t.co/n6â€¦,2
comprar,2
talkin,2
out,14
@youtube,8
entertainment,4
election...,2
men.,2
castâ€¦,2
escalate,2
plaguing,2
hillary''''s,2
@bnonews:,2
@heavymetalview:,2
romain,2
ÙŠÙ…Ù†ÙŠ,2
cause,2
.@whiphoyer,2
red,2
@carrieksada:,2
#fbi,2
shut,2
m1350,2
#chinese,2
https://t.co/jdkbcshkly,2
#aedilhaimushkil,2
younger.,2
dealsâ€¦,2
undo,2
@girlsreallyrule:,3
qua,2
https://t.co/tygogxock0,2
russiaâ€https://t.co/ofzyvlbuq3,2
que,8
york,2
shallow-brained,2
x,3
conflicts,2
taran,2
b2st''''s,2
"new,",2
blaming,2
$125k,2
comrade,2
things.,2
her,12
g,4
228colin,2
å¤–ã‚Œã«ãã•ã‚’appleãŒæ¨ã—ã¦ã‚‹ã‚“ã§ã™ã‘ã©ç„¡ãã—ã¾ã™ã‚ˆã­çµ¶å¯¾...w,2
resumen,2
keep,8
conversation,3
chicken,2
birthday,2
story.,2
idiot?,2
@mmflint:,2
honoreesâ€™,2
biting,2
â¤â¤,2
#Ù†ÙŠØ¬22cd,2
south,2
"data,",2
#system,2
gauck,2
https://t.co/22xxkbmqmr,2
wellâ€¦,2
missedâ€¦,2
choses,2
alleged,3
embarrassed,2
foundation--like,2
set,3
puppet,2
bitch,2
https://t.co/i2hhl7offu,2
@kevinslaten,2
reached,2
let''''s,5
america''''s,2
@henrycavillnews:,2
alerâ€¦,2
1kasich,2
@christiana1987,2
righ,2
long,2
@evan_mcmullin,3
enlevÃ©,2
start,6
creator,3
seat,2
system,2
"wins,",2
https://t.co/py3uvuhm18,2
their,12
attack,2
"3m,",2
trending,19
https://t.co/lo3igpijl9,2
#focusonthefacts,2
â€˜warfare.â€™,2
final,3
hearing.,2
@detroitborg:,2
accettiamo,2
sealed,2
"credibility,",2
square,2
(commuting,2
â€œgoldman,2
defendiendo,2
disguised,2
https://t.co/olwodydâ€¦,2
he''''s,11
@michaelskolnik:,2
sex,6
elite,2
concluÃ­,2
travÃ©s,2
ipad,3
loved,2
gayo,4
@roseunwin:,2
bec,2
loud,2
@truthfeednews:,2
espaÃ±aâ€¦,2
proud!,2
bed,2
enviado,2
https://t.co/ja7sqny7xu,2
defense,3
didnâ€™â€¦,2
leftists,3
briefing,6
sec,2
@reiates:,2
moderation.,2
backfire,2
areâ€¦,2
accusing,2
air@msnbc,2
classe,2
false,3
câ€¦,5
"rnc,",2
wh.,2
wherever.,2
@hamiltonelector:,3
speculative,2
tonight,2
gentle,3
spicy,2
she''''s,3
have,45
@thedailyedge:,2
need,11
shouldn''''t,2
adversary.,2
#fakenews,5
"cards,",3
ever!ğŸ˜¡#norefugees,2
sings,2
https://t.co/yv3xhflsff,2
afraid,4
@oimoya_pr:,2
mil,2
congrats,2
pursued,2
@reichwingwatch,2
able,2
switch,2
football,2
@kirkcousins8:,3
https://t.co/dy3ecsgnft,2
which,2
#crowdfunding,2
https://t.co/68puebi1vx,2
korean,2
clarifies,2
=,3
brand,2
#black,3
lugar,2
brazil,2
fuels,2
nancy,2
clash,2
"ganadora,",2
who,23
disappointments,2
esterni!,2
(report,2
vengeance,2
1988.,2
@7pm,2
eâ€¦,3
you''''ll,2
cabinet,5
transcript,2
why,15
patties,2
dishonest,2
"mustard,",3
@bfmtv,2
mitch,2
overrepresented,2
inconvenient,2
https://t.co/l6igy33rtf,2
face,2
estÃ¡n,2
#5030,2
â,2
talk,3
@ananavarro,2
obama!,2
iivx,2
@kyliejngdrs,2
russian.,2
fact,6
son,4
affair,2
jobposting.do?searchstring=montreal&amp;action=search&amp;id=21930441&amp;source=rss,2
@tatanka1001â€¦,2
please,7
agreed,3
@cnn?,2
"one,",2
"""russian",2
@cnn:,2
Ã‰,2
"bea,",2
bring,7
niet,3
democrats,2
spritzer,2
passe,4
fear,2
endâ€¦,2
economist,2
pleased,2
(nintendo,2
wow:,3
"true,",2
true.,4
based,3
producer,2
team:,2
@uckfayrumptay,2
ender,2
hopeful,2
bien,3
should,9
betsy,2
politicized,2
time).,2
#visalesstravis,2
libro,2
hope,6
agree.,4
deports,2
trâ€¦,4
hang,2
bâ€¦,3
means,4
beat,2
coworker,2
#fun,2
obama/clinton,2
@jackidove:,2
https://t.co/qjmdhnnhaj,2
https://t.co/bcipcui0eb,2
legitimate,2
2016.,3
probably,2
#preparedness,2
@aaalove120511:,2
years,5
@cnni,2
*orange,2
smash,2
evolution,2
2017.,2
hollywood;,2
hackâ€,2
clinton''''s,4
anything.,3
"anything,",2
reid,2
smoothâ€¦,2
she,9
dangerous,2
piss,2
asian,2
spotted,3
https://t.co/xkpvortnb9,2
@npr:,2
ì§€í˜•,3
ã‚«ãƒŠã‚¬ãƒ³ã‚­ãƒ£ãƒƒãƒˆãƒ•ãƒ¼ãƒ‰ã‚’é£Ÿã¹ãªã„æ™‚ã¯ï¼Ÿ,2
solo,2
.@mgoodwin_nypost,2
frame,2
shake,2
legacy:,3
@nabiki0000:,2
.@realdonaldtrump,2
biz,2
travis,2
accused,2
#czarnotpotus,2
desperate,2
@kaivanshroff,2
Ãºltima,2
#recipes,4
"#banksters,",2
chaoâ€¦,2
mustafa,2
interview,2
computer,2
trump!,4
trump.,9
nuclear,2
"trump,",9
bobby''''s,2
rickpoppe,5
kariveppilai,2
favor,2
state,3
"app,",2
ryanâ€™s,3
1htâ€¦,2
#trump:,2
https://t.co/phkayzmxk7,2
trump?,2
blocked,2
trump:,5
email,4
httâ€¦,2
@newday,2
amazon,2
ability,2
"gross,",2
https://t.co/bm1xheuku9,2
chants.,2
antics,2
official.,3
#russia,3
protests,2
job,3
@fgoproject:,2
joe,3
key,3
https://t.co/95uawhfny5,2
probing,2
"fools""",2
"""dad,",2
@patriotgeorgia:,2
#doctorsstrikeâ’,2
djt,2
https://t.co/xhjpvbzgâ€¦,2
hits,2
figured,2
@___kierraaa:,2
gov.â€¦,2
admin,2
joke,2
taking,2
drug,2
https://t.co/ap5v9fk99f,2
etc,2
timeâ€¦,2
joy.,2
interâ€¦,2
vraiment,2
(obama,2
#beijing,2
glorious,2
gÃ¼naydÄ±n,2
co,2
disenfranchised,2
cl,4
wall,5
americaâ€¦,2
@troller_247:,2
https://t.co/e42ytza1e5,2
cd,2
@yashar:,2
https://t.co/n0as470nj2,2
https://t.co/facciwg7ef,2
https://t.co/gmnwlwyeda,2
presidencyâ€™:,2
li,2
https://t.co/fbtuupqvih,2
@doebler24,2
videos,2
@adedapolinda:,2
â€œdear,2
likeâ€¦,2
it's,3
ebron.,2
1paul,2
liberals,4
https://t.co/huwhovs7gx,2
treat,3
@jays2629,2
hottest,2
cena,2
recurring,2
interventions.,2
spoiling,2
wtf,2
abematvã§ã¯ã€ãƒ¦ãƒ¼ãƒª!!!,2
mike,3
obama''''s,5
wanna,5
verizon,2
https://t.co/lbrunbxpni,2
"""i''''m,",2
@robotsteve2016:,2
nâ€¦,3
@alpharomeo223:,2
@sarahspain,2
king:,3
â€”@theatlantic,2
alone...we,2
win)trump,2
blankie.,2
https://t.co/mdyebpdre0,2
gov''''t,2
@khanoisseur:,2
@stevenwhirsch99:,2
meuf,2
despite,3
won.,6
present,2
continues.,2
holiday,5
mega,2
promo,2
https://t.co/3fc0h9vcpc,2
@soldierjohn:,2
â’,2
value,4
choices,2
will,33
gucci,2
#thedemocrats1,2
https://t.co/whxxiix6tb,2
@2alaw:,2
rigged,2
@adellenaz:,2
briefing#electoralcollege,2
gingerbread,2
https://t.co/fbcy0zr6ka.,2
thereof.,2
https://t.co/xnee5eacon,2
https://t.co/x3qfnotgpg,2
va,2
questo,2
lambo,2
#magaâ€¦,3
almost,3
abâ€¦,2
insanely,2
helped,3
mullah,2
no.,2
vs,3
@catoletters,2
politics,5
@dae021,2
@unsolvedrhyme:,2
minorities,2
"germany,",3
loyalists,2
ã‚ã£ã¨ã„ã†é–“ã«å¤§æ™¦æ—¥ã€œã€ä»Šå¹´ä¸€å¹´ã¿ãªã•ã¾ãŠä¸–è©±ã«ãªã‚Šã¾ã—ãŸï¼ã•ã‚å¹´æœ«æ’ä¾‹ã®ã€Œã‚¸ãƒ£ãƒ‹ãƒ¼ã‚ºã‚«ã‚¦ãƒ³ãƒˆãƒ€ã‚¦ãƒ³2016ï¼2017ã€å‡ºæ¼”ã§ã™ï¼tvã§è¦³ã‚‰ã‚Œã‚‹æ–¹ã‚‚ã€ãŠè¶Šã—ã«ãªã‚‰ã‚Œã‚‹æ–¹ã‚‚,2
terrorist,2
parte,2
747.,2
@frankrichny:,2
vintage,2
seoul,2
administration,5
cross,2
"#android,",2
@henrysebby,2
strange,2
#hot,2
china''''s,2
makings,2
party,5
@dprk_news:,2
gets,4
solution,2
powell,2
#veterans,2
ball,2
#é£Ÿã¹ç‰©,2
attivo,2
https://t.co/smdk1dqnoc,2
changâ€¦,2
ios,2
effect,2
sigue,2
netflix,2
#mother,2
never,11
mindagreâ€¦,3
"britain,",2
dormirlogo,2
destruction,2
audit,2
rift,2
"traitor,",2
off,5
"fox,",2
bringing,2
@anncoulter:,2
i,71
indicateâ€¦,2
weapon,2
murder...â€¦,2
well,3
uber''''s,2
https://t.co/o2as5amohd,2
thought,5
relatif,2
fox:,2
vincent,2
@kerpen,2
fail,2
"today,",2
https://t.co/dextpmqcha,2
latest,4
cameo,2
ã‚ªãƒªã‚¸ãƒŠãƒ«ç‰ˆï½œãƒãƒ©ã‚¨ãƒ†ã‚£ãƒ»éŸ³æ¥½ï½œãƒ†ãƒ¬æœãƒãƒ£ãƒ³ãƒãƒ«https:â€¦,2
cherihyeriâ€¦,3
less,2
increasingly,2
half,3
domestic,2
j'ai,4
@cassie_complex:,2
sources,2
republic.,2
virtual,3
anunnaki,2
protecting,2
paul,4
#photo,2
Ø¬Ø³Ù…Ù‡Ø§,2
only:,2
taken,2
wonder.,3
"work,",3
@mcarisa:,2
landlinâ€¦,2
@dcexaminer,3
https://t.co/8c2kwxqadp,2
supply,2
fumar,2
mcconnell,4
realize,2
https://t.co/tuer17m7ck,2
add,3
book,2
@abigail4cat,2
party''''s,2
@sensanders:,7
''''nobody,2
warrant,2
lose!,2
smart,2
#apple,4
https://t.co/mzc5vlgzve,2
hahahahahaa&gt;&gt;&gt;&gt;,2
https://t.co/obrfdfua8q,2
myth,3
government,3
checking,2
juice,3
@jonfavs:,2
source.,2
smithsonian,3
ã€Œã‚ªã‚¹ãƒ—ãƒ¬ã‚¤å±é™ºã€ã‚¤ãƒ¡ãƒ¼ã‚¸å…ˆè¡Œã€€äº‹æ•…åŸå› ã¯çµ¦æ²¹ãƒ›ãƒ¼ã‚¹æ¥è§¦ã€€å›ºã¾ã£ãŸæ®‹éª¸ãŒä¸æ™‚ç€è¨¼æ˜,2
@televisaapesta_:,2
know,15
ë¯¼í™˜,3
announcements,2
press,2
(attempted)2,2
buhariâ€¦,2
intersection,2
kidâ¤ï¸,2
tweet.,2
loss,3
dubai,2
morn.,2
like,36
lost,8
ny(w/wollman,2
"badly""",2
dugin,2
wi-fi,2
loser,3
@karetter,2
ğŸ˜‚#mondaymotivation,2
(or,2
lose,3
sentences),2
works,3
could''''nÂ’t,2
@mattholw:,2
presse,2
11%,2
fbi.,2
because,5
#2016,2
"11,",2
twitter,6
20:20,2
@foxnews,2
@tracybnutrimom,2
https://t.co/p0xft2hque,2
involve,2
@govhowarddean:,2
@danpfeiffer:,2
https://t.co/ckiow6evbu,2
peter,2
https://t.co/cy8anmzre7,2
bayne,2
shrug,3
#torne,2
before.,2
est,2
monday,2
lead,2
literally,3
@johnlegend:,2
pisco,2
joachim,2
brennan,2
(feat.,2
rewarding,2
does,3
https://t.co/tridk41acu,2
southafrica.,2
eso,2
how''''s,2
275,2
avoir,2
leader,2
?,3
regain,2
conference,2
pepper,2
again!,2
@indiewire,2
128gb,2
voluptuous,2
https://t.co/wmdhzlrqyf,2
@ejdionne:,2
selecting,2
journal,2
"respect""-",2
worthless,2
outlets,2
murdered,2
although,2
review:,2
snapped,2
&amp;,46
lockheed,5
paste,2
https://t.co/kpcyuewjvl,2
stage,4
@dailynewsbin,2
about,37
@politiko_ph:,2
actual,3
https://t.co/okskhmlwwe,2
world,4
getting,4
@thaleslives,2
too!,3
"@negmarrons,",2
chance,3
weareonefamily,2
monthly,3
carries,2
swear,4
"cared,",2
"siblings,",2
cranberry,2
recognizes,2
haven''''t,4
entered,2
https://t.co/7u8e1lbrif,2
happen.,2
"""smacks",2
.@llerer,2
own,7
vf,2
terroristâ€i,2
year,6
benar,2
included,2
doesnt,5
thesedays.,2
female,4
meâ€¼ï¸ğŸ’ğŸ‡ºğŸ‡¸i,2
genuinamente,2
now.https://t.co/0pge8vz9jd,2
https://t.co/jyjw6phzay,2
"jong-un,",2
nomination),2
hitting,2
https://t.co/3wsax60wbc,2
nuke,3
https://t.co/ak4hgi1m4b,2
everyâ€¦,2
https://t.co/ooof7noa4z,2
secret,3
@biziwoman:,2
rushes,2
@houstoninformer,2
https://t.co/2urgdwr0fe,2
"""won""",2
biggest,5
https://t.co/gxcl3xxm8o,2
@italians4trump:,2
buy,4
north,3
i've,2
(successful)1,3
artist.,3
bitches,2
but,26
coverâ€¦,2
better.,2
hi,2
courts,2
"comey,",2
"letter,",2
eat,6
https://t.co/wbuzml1k0x,2
he,42
made,8
https://t.co/qfqupe7z5q,2
https://t.co/ldn1cnontr#ã‚«ãƒŠã‚¬ãƒ³,2
places,2
whether,3
protesting,2
@hillarypix:,2
official,5
#makeamericagreatagain,2
"this,",2
this.,4
https://t.co/l0ojeq8qx8,2
record,2
deusssssssss,2
(nuts)#p2,2
stories,2
problem,2
piece,3
minutes,2
tastes,2
@forgefirst:,2
#unpresidented,2
supreme,4
#inspiredbyjanetmachukaâ’,2
640,2
hâ€¦,5
https://t.co/grimuloar6,2
marin.,2
campaign-ending,2
tuitea,2
is...,2
#kampfflugzeug-hersteller,2
beats,2
usaidâ’,2
et,5
@towersight,2
â€œridiculousâ€,2
"kind,",2
https://t.co/y9ayvwkuq1,2
deplorables,2
@vivelafra:,3
https://t.co/owy4wnu7e3,2
conspired,2
blog:,2
#therepublcans#lol!#electors,2
gay,3
https://t.co/p7qzz2ppkg,2
@bbl58:,2
administration.,2
claiming,3
@evan_mcmullin:,3
40,2
pills,2
4.,3
marthyth,2
other,10
iceã€å…¨è©±ä¸€æŒ™æ”¾é€ãŒï¼,2
pueden,2
@vickersty,2
they''''re,3
https://t.co/x9oxt7cgx6,2
couldn''''t,3
https://t.co/pd3inâ€¦,2
@vabvox:,2
sheep''''s,2
dismiss,3
again.,2
"again,",2
yes.,2
gas,2
"period,",2
indeed!,2
https://t.co/gfiuc79gly,2
stay,3
in.,2
"yes,",5
https://t.co/plumvclzia,2
"@vabvox,",2
stan,2
media.dont,2
https://t.co/tt7leb6g9w,2
@mellbellz,2
friends,2
@travistravers,2
coveâ€¦,2
â€“,3
â€”,2
news:,3
concentrating,2
#smile,2
@adamsflafan:,2
"news""",2
twitter.(with,2
write,2
elaine,2
https://t.co/tebtcnozyj,2
thisâ€¦,2
https://t.co/lyzvehny91,3
#trndnl,4
"""the",3
defend,2
