#truth,1
#womenwhovotetrump,1
#live,1
#votolatino:,1
#pcc2016,1
#debatenightüì∑:@drewangerer,1
#otc,1
#requiemforadebate,1
#nbc4you,1
#jillnothillalso,1
#kyliecosmetics,1
#groundhogsday,1
#dems4trumpthis,1
#viral,1
#noyoucant,1
#mrs.,1
#hillarysamerica,1
#votegreen‚úÖ.,1
#billcosby,1
#dukeswatchingdebate,1
#lockherup,1
#mariskaforpresident,1
#chriswallace?,1
#shaggy,1
#redicelive,1
#notaxtrump#debate,1
#changethestory,1
#magahttps://t.co/ksunoesfwd,1
#wheret‚Ä¶,1
#trumpcheck#debate,1
#drumpf,1
#ele‚Ä¶,1
#gdp,1
#decision2016,1
#chaching,1
#cspan,1
#feelings,1
#netflix.,1
#liberalprivelege,1
#therealdonaldtrump,1
#noviscoming,1
#lennyletter,1
#nobody,1
#taxationistheft,1
#dtmag,1
#deportbadhombres,1
#33,1
#hillaryclintonemails,1
#presidentialdebate2016,1
#phsgopo,1
#waar,1
#rachelcrooks,1
#campaign2016,1
#yourethepuppet,1
#rejectedhillaryslogans,1
#debatenighthttps://t.co‚Ä¶,1
#stdebate,1
#chilemexicanoblog,1
#cnnsucks,1
#train,1
#taxes!!!,1
#boardgames,1
"#nafta,",1
#p2,1
#panamapapers,1
#betterly,1
#nafta?,1
#jillstein2016,1
#songjoongki‚Ä¶,1
#youcantsaythat,1
#rallytogether,1
#thedebates,1
#trumppuppet,1
#2008,1
#powerup,1
#donaldtrumpisaliar,1
#prison4her,1
#economics,1
#moron,1
#vt,1
#tax,1
#whatajoke,1
#boyco‚Ä¶,1
#notoriousrbg,1
#palinpowerfortrump,1
#segundaenmienda,1
#dishonestdonny,1
#woohoo,1
#lamentables,1
#shelies,1
#thataintwhatyouwant,1
#clintondebatect.,1
#chrismathews,1
#aauwdebates,1
#correct,1
#deabate,1
#edward#,1
#cleanenergy.,1
#lastinning,1
"#m√©xico,",1
#ctcorp,1
#badhombres??,1
#siguemeytesigo,1
#hailmary.,1
#dontdoit,1
#hannity,1
#dhsdebate,1
#tertuliahillaryv‚Ä¶,1
#releasethereturns,1
#umuvotes,1
#debatenightclinton,1
#debatehttps://t.co/5yl8zejjjy,1
#clintoncash,1
#makesnapchatgreatagain,1
#notmyp‚Ä¶,1
#letsbereal,1
#accountanttweet,1
#yes!!,1
#gonnaneedmorewhiskey,1
#newsystem,1
#saveusy2j,1
#presidentialelection,1
#sadforamerica,1
#debate.‚Ä¶,1
#cheatsheet?,1
#gocanes,1
#pencehasregrets,1
#yelp,1
#blackvotesmatter,1
#2016.,1
#speak,1
#lgbtq,1
#cbsnews,1
#crookeddonald,1
#breaktheblackout,1
#copolitics,1
#shame‚Äù,1
#debeta,1
#uniteblue,1
#greece,1
#podestaemails12‚Ä¶,1
#debates2016:,1
#sinking,1
#rrymudrodaronfeo,1
#weveseenthisbefore,1
#debatewithffl,1
#takeonhatewi‚Ä¶,1
#trending,1
#billclinton,1
#nosubstance,1
#share,1
#hrc.‚Ä¶,1
#naacp,1
#womenslivesmatter!?,1
#105,1
#sniffwhentrumpsniffs,1
#mjdebate16,1
#anenvivo,1
#mystudentsdo,1
#lgbtwinswithtrump,1
#imwithpurr,1
#drumpf2016,1
#hurricanematthew,1
#haikuwe,1
#chrisisbosstonight,1
#manueliitohyeliseo,1
#justsaying#debatenight,1
#northcarolina,1
#nato,1
#steinbaraka:,1
#hatiansfortrump,1
#need2know,1
#kbcelection,1
#debateaye,1
#liberalprivilege,1
#isis@rea‚Ä¶,1
#trumptrian,1
#hmm,1
#boom,1
#debate130,1
#america.,1
#women,1
#greatwall,1
#aws,1
#america!,1
#pinocchio,1
#anti-trump,1
#salesiandebatenight,1
#thatisafact,1
#women.,1
#trumpsofragile,1
#noonecantranslatetrump,1
#uspresidentialdebate:,1
"#conscience,",1
#techupdate,1
#ipeewhereiwant,1
#speech'',1
#joeyb,1
#teamkatya???,1
#smbiz,1
#mingocentralap,1
#holacuny,1
#lasvegas,1
#american,1
#inktober,1
#releases,1
#jillnothill,1
#clinton‚Ä¶,1
#lnyhbt,1
#draintheswam‚Ä¶,1
#sockpuppets,1
#sarcasm,1
#phl4hrc‚Ä¶,1
#trumpforpresident,1
#debatedrinkinggameüçª,1
#factcheck,1
"#2,",1
#final,1
#dealwithit,1
#sheswith‚Ä¶,1
#whodoesthat,1
#sdv,1
#rejectedhillarysloga‚Ä¶,1
#notimeforpendej‚Ä¶,1
#election201‚Ä¶,1
#debts.,1
#indians#debatenight,1
#cubs,1
"#teambigly,",1
#moonshine,1
#pickednone,1
#prochoice,1
#trumphatedonate,1
#womanizer,1
#woodshed,1
#nydebate,1
#oceanshaman,1
#model,1
#alhsgov,1
#culture,1
#logic,1
#deplorablebingo,1
#hoopz,1
#cunyjvote16,1
#8woma‚Ä¶,1
#highestratings,1
#debatenighthttps://t.co/qixwckwkah,1
#boisestate,1
#hillary#debatenight,1
#berniesanders!#trump#clinton,1
#debate¬†.,1
#cantmakethisshitup,1
#ccot,1
#3rdestate,1
#wome‚Ä¶,1
#same,1
#sureblameher,1
#wallstreet,1
#wibackher,1
#debate‚Ä¶,1
#wikileak,1
#todospotus,1
#hillarywins,1
#taxplan,1
#debatetrump,1
#obama.,1
#latimespolitics,1
#angryhillary,1
#nmpol,1
#grabem,1
#hillary‚Äôs,1
#deporttrump,1
#schoolhouserocks,1
#felon,1
#nasdaq,1
#ahsroanoke,1
#bringobamaback,1
#uncle,1
#wolrdnewscnnpresidential,1
#payup,1
#msuno,1
#donald,1
#bankruptcy,1
"#notoriousrbg,",1
#shows,1
#perfect,1
#stereotype,1
#mhsdebate2016,1
#debate2016‚Ä¶,1
#dangerous,1
#demagogue,1
#notorioushrc,1
#blackrepublican,1
#conservatives,1
#1upa,1
#hilllaryliesüö®okay,1
"#realdonaldtrump,.",1
#ok,1
#familyguy,1
#throwback,1
#assange,1
#hugedifference,1
#debate.@humanesociety,1
#oldcountryway,1
#prek,1
#equalpayforwomen,1
#deltasvote,1
#bandnames,1
#factcheck:,1
#openborder,1
#climatechange.,1
#bull,1
#alaire,1
#haiti.,1
#muslim,1
#bucket,1
#teamfollowback,1
#openthedebates‚Ä¶,1
#cripthevote‚Ä¶,1
"#larryflynt,",1
#nu‚Ä¶,1
#knockout,1
#growuptrump,1
#aamupolitics,1
#debatenighti,1
#trumpisms,1
#debatenighthtt‚Ä¶,1
#theyhavereceipts,1
#letgarydebate‚Ä¶,1
#fox5atl,1
#117,1
#sculive,1
#endofstory,1
#taxes#debatenight,1
#presidental,1
#whatashot‚Ä¶,1
#decisi‚Ä¶,1
#scotus:,1
#lastdebate,1
#bobonthedebate,1
#haiti?,1
#follow,1
#pennsylvania.,1
#thesaurus,1
#econmicpolicy,1
#tweetwithus,1
"#debatenight""",1
#world.,1
#narcos,1
#debatenight.,1
#debatenight-,1
#trumpthepuppet,1
#afp,1
#northkorea,1
#debatenight?,1
#periscope,1
#wrong.,1
#8thofnovember#bigleaguetruth#draintheswamp#stopthesteal#saboteurswillpay,1
#debatenight:,1
#trump#imwithher,1
#finaldebate,1
#restartgop,1
#comdeb3,1
#sonomachat,1
#graphicrecording,1
#livetweets,1
#8nn,1
#hilary''s,1
#garysays,1
"#trump#debate@joyannreid,",1
#usnavy,1
#megatvlive,1
#realirony,1
#trumpvshillary:,1
#venezuela,1
#usaelections,1
#debatebeertweet,1
#feelthebern,1
#debatenighthttps://t.co/zp8rcsopgu,1
#thenewyorktimes,1
#masterdebaters,1
#endobama,1
#rolemodel??,1
#slayformurder,1
#pla‚Ä¶,1
#standwithhillary‚Ä¶,1
#mapoli,1
#fitness,1
#presidentialcandidate,1
#chriswallacechris,1
#thisisapattern,1
#saudimoney,1
#essure,1
#loms4potus,1
#endgunviolence.,1
#godhelpusall,1
#latin,1
#exc√©lsiortv‚Ä¶,1
#outoft‚Ä¶,1
#mosul,1
#hillaryorhell...#debate,1
#trumpvshillary,1
#debatecommish,1
#trumptapes,1
#envivo,1
#putinpuppet,1
#legacy#imwithher#teamclinton,1
#stimulus,1
#mybody,1
#deplorables,1
#debatenignt¬†and,1
#charity,1
#walkernationwatches,1
#whoreofbabylon,1
#criminaljusticereform,1
#abortion,1
#president?,1
#debates,1
#grumpytrumpy,1
#seriouscheeto,1
#feeltheburn,1
#perseverance,1
#aquotefromtrump,1
#rc,1
#science,1
#pjnet,1
#saywhatyouwantlol,1
#nottobetrusted,1
#kanyeforpresident,1
#firstgradedebate,1
#news,1
#debatenightshouldn''t,1
#sipstea,1
"#debate""this",1
#debatenj,1
#notsuprised,1
#eeuudebatefinal,1
#putin.https://t.co/xb4g94tbxh,1
#madewithchinesesteel,1
#freemarket‚Ä¶,1
#dumpsterfire2016,1
#wvldebates16,1
#unitedstates,1
#queensugar,1
#caseynewton,1
#hellnaw,1
#makemaldivesgreatagain,1
#f4f,1
#badombres,1
#sorrygirl,1
#hrcle:,1
#mhmtdeb,1
#usdebt,1
#insurance,1
#debatenighthttps://t.co/wm2dsbekjt,1
#trumppence16,1
#ohhillyes,1
#tlcan,1
#aerodebate,1
#notyourpawns,1
#lies,1
#notapottedplanthere,1
#tertuliahillar‚Ä¶,1
#debate.#grabhimbytheputin,1
#takenotes,1
#polldaddy,1
#election.,1
#okeefe,1
#lyinhillary,1
#trumpnotfittobepotusa,1
#la‚Ä¶,1
#2016presidentialelection,1
#factcheck#trumppence16,1
"#pro-choice,",1
#friendswillbefriends,1
#com2200,1
#oops,1
#debat‚Ä¶,1
#stopintertrumping,1
#americanhorrorstory,1
#whatkindofcountryarewegonnahave,1
#stfu,1
#debatenightbut,1
#brap,1
#trumpsarmy,1
#meghantrainor,1
#hillarylie#debatenight,1
#mcvsddebate,1
#wearescrewed2016,1
#dtrump,1
#classic,1
#cgi,1
#‚Ä¶,1
#trumptower,1
#laughable,1
#presidentprerequisite,1
#redhandedhilary,1
#sx‚Ä¶,1
#puppets!#debatenight,1
#chuckandlarry,1
#votehillary,1
#vote2016,1
#tlot,1
#tertuliahil‚Ä¶,1
#nyr,1
#somoselmuro,1
#thatsnothowitworks,1
#theinterruptor,1
#game,1
#child,1
#pushtheangerdown,1
#saudi,1
#trumptruth:,1
#iran,1
#wikileaksemail,1
#compol,1
#triangle,1
#buildthewall,1
#hungersucks,1
#goodfellasforeignpolicy,1
#cfanthropy2016,1
#clintoncrimefoundation,1
#hillar‚Ä¶,1
#mcmullinfinn,1
#debatenight#debatenighti,1
#nc,1
#democrats,1
#bromance,1
#tertuliahi‚Ä¶,1
"#donaldtrump,",1
#arresther,1
#illegalworkers,1
#nz,1
#hillary,1
#regime,1
#donaldtrump:,1
#myneighbordoes,1
#nmleg,1
#debatenight¬†üê∏‚òïÔ∏è,1
#nations.,1
#obama3rdterm,1
#debate-,1
#wtf,1
#women4trump,1
#debatenigh‚Ä¶,1
#podestaemails8‚Ä¶,1
#trumprhymes,1
#electionsarerigged,1
#sayhisname,1
#votejilln‚Ä¶,1
#wpsd,1
#debatehttps://t.co/r6rew8o4rx,1
#kaliefbrowder,1
#criminalenterprise,1
#dead,1
#sesamestreet,1
#checkmate,1
#neit‚Ä¶,1
#takeastand‚Ä¶,1
#debatenighttrump:,1
#strongertogether‚Ä¶,1
#dr‚Ä¶,1
#earth,1
#paginanuova,1
#songsongcouple,1
#doral,1
#latest,1
#areyoukiddingme,1
#ipickedtrump,1
#lmao,1
#latspectacular,1
#sepusoduro,1
#nobodyhasmorerespect,1
#wearedoomed,1
#dollahs,1
#thepolitical16,1
#debatetonight,1
#debatenight.donald,1
#eo10‚Ä¶,1
#trumplogic,1
#catchphrases,1
#ncvotesearly,1
#gif,1
#chinese,1
#4:,1
#huge,1
#trumpsaabadhombre,1
#giphy,1
#tertuli‚Ä¶,1
#pslivedebate,1
#illuminati,1
#clint‚Ä¶,1
#tacotrucksoneverycorner,1
#trumptvn,1
#hillaryclintonwon,1
#cuda,1
#server,1
#fairytale,1
#secretaryofstate,1
#neverhillary‚Ä¶,1
#debatenight¬†,1
#literallylol,1
#1.,1
#btv‚Ä¶,1
#lunatic,1
#votolatino,1
#withher,1
#crookedhillary''s,1
#„ÇØ„É™„É≥„Éà„É≥‰∏çÊ≠£„Å™ÈÅ∏Êåô‚Üí,1
#fairtrade,1
#presidentaldebate,1
#mifirstelection,1
#housewivesreunion,1
#b‚Ä¶,1
#coverup,1
#makemockerygreatagain,1
#circumstances,1
#developer,1
#periscope:,1
#teamtrump,1
#debate#teamtrump@robertscott3,1
#business,1
"#citizensunited,",1
#trumpmake,1
#lsuwgs2500,1
#trump2016,1
#hadebate,1
#debatewithtlt,1
#usarmy,1
#wtwgov,1
#debateya,1
#harambe2016,1
#killary,1
#bigly..,1
#roasttrump,1
#swayinthemorning.‚Ä¶,1
#crookedmedia,1
#clinton,1
#unamerican,1
#illegals,1
#benghazimatters,1
#republican,1
#imwithkev,1
#gay‚Ä¶,1
#hillarysamoron,1
#houston,1
#freecollege,1
#todaywasabadday,1
#dadsh‚Ä¶,1
#notrelatable,1
#decis‚Ä¶,1
#baitn‚Ä¶,1
#ihaveavoice,1
#nbccthttps://t.co/c6lxmzwejz,1
#jacobysavestheworld,1
#littlerascals,1
#debate*putin,1
#hoteps,1
#wudw,1
#voteyourconscience,1
#nlcs...,1
#debate...&amp;,1
#werefucked,1
#mercury,1
"#isis.""",1
#entitled,1
#ap,1
#at,1
#txdecides,1
#ai,1
#7woman,1
#publichillary,1
#oprah,1
#m‚Ä¶,1
#mivoto2016‚Ä¶,1
#d‚Ä¶,1
#debatecast,1
#googlegaryjohnson,1
#debate:‚Ä¶,1
#strength.,1
#debate#maga,1
#thewall,1
#winning,1
#rhetdebate,1
#whereismaria12,1
#debate...,1
#biglyisntaword,1
#debates¬†,1
#drunktweetthedebate,1
#dst1913,1
#usaf,1
#supremecourtone,1
#putinspoodle,1
#japan''s,1
#housingdiscrimination,1
#corruption,1
#original,1
#coucilvotesforstadium,1
#deba‚Ä¶,1
#composure,1
#womensrights,1
#ahsfx,1
#pre‚Ä¶,1
#iloveit,1
#realissues,1
#smallbusiness,1
#factcheck2016,1
#lasvegasdebate,1
#kahn,1
#bizzaro,1
#badexperiencednc,1
#workers,1
#projectveritas,1
#nbccthttps://t.co/tj76nfsitu,1
#wellplayedsenator‚Ä¶,1
#democracy,1
#facts,1
#6woman,1
#authoritarianism,1
#liveblog,1
#votolatino...,1
#finishthebottleandpassout,1
#faudebate,1
#takeastand,1
#fivethirtyeightisthebomb,1
#nucle‚Ä¶,1
#trumpt‚Ä¶,1
#debatenighthttps://t.co/nysgvdttrn,1
#changetherecord,1
#overit,1
#turnout,1
"#classwar,",1
#trump..,1
#wearethemedia,1
#election2016,1
#vs,1
#usa,1
#voteirl,1
#podestaemails,1
#debateshttps://t.co/gvebh7jlhc,1
#kardashian,1
#foxdebate,1
#hayfieldgov,1
#ruin,1
#denville,1
#promoproducts,1
#brucethedebate,1
#puertorico,1
#jillstein,1
#evil,1
#bigly.,1
#redeye,1
#voaal‚Ä¶,1
#fox10phoenix,1
#trumpstrong,1
#debtfree-all,1
#badhombre,1
#uspoli,1
#us:,1
##billybushmademedoit,1
#hailtrump,1
#hombres,1
#teamgallegomy,1
#themoreyouknow,1
#therealissues,1
#taxevasion,1
#badhombres,1
#7:,1
#barbaridades,1
#trumpvsclinton,1
#trump..#wall....stop,1
#lawsuits,1
#debatehttps://t.co/70dkggngry,1
#clintonemails,1
#hrc,1
#imhere,1
#draintheswamp,1
#ohio,1
##donaldtrump...,1
#debatenight,1
#vegas,1
#ranting,1
#wordbrawl,1
#wellsfargo,1
#unqualified,1
"#clintonslushfund,",1
#neitherevil,1
#act‚Ä¶,1
#killmenow,1
#debatenighthillary:,1
#sipadebate,1
#blogging,1
#bigleaguetruth,1
#debtordonald,1
#garyjohnson2016,1
#dontblamemeivotedforbernie,1
#girlishnumber,1
#jewschoosetrump,1
#''campaign,1
#prolife,1
#vegasdebate,1
#debatenighti''m,1
#bars,1
#unfit,1
#amnesia,1
#inspirationalquotes,1
#ncdndebate,1
#dumptrump,1
#booommmm,1
#releaseyourtaxreturns,1
#debatenighthttps://t.co/syggbupmr8,1
#pinestdebate,1
#trumpbaby,1
#imwithher,1
#joke,1
#betweenthescenes,1
#obama,1
#monster,1
#loveislove,1
#putin,1
#ipickedtrumphttps://t.co/njalziv4fo,1
#fact,1
#hillarybecause,1
#drink,1
#debatenightinamerica,1
#when,1
#trumpvsallofus,1
#pathetic,1
#payyourfairshare,1
#realdonaldtrump,1
#equalpay,1
#hillary''s,1
#lasvegas.,1
#merriam-webster:,1
#comedybangbang,1
#narcissist,1
#mst3k,1
#maisrespeitosoqueeu?,1
#haitihatestheclintons,1
#paknewswire,1
#makeamericastrongagain,1
#givebackthemoney,1
#neverhi‚Ä¶,1
#thingsthathavemorerespectforwomenthantrump,1
#crazyhillary,1
#luiis_3x,1
#smugfucker,1
#trumpscokesowhite,1
#crashin‚Ä¶,1
#t‚Ä¶,1
#debatenightdear,1
#robot,1
#dia,1
#dogwhistle,1
#otan,1
#accountability,1
#cleanitupcokewhore,1
#politicssuck,1
#moderateher!#debate,1
#debate2016nevadahttps://t.co/f7nkrej5fy,1
#ss330walshdebate,1
#southpark.,1
#heretostay,1
#embracethehorror,1
#walloftacotrucks,1
#moraldistinctions,1
#washingtonpost,1
#denvillenj,1
#hesachild,1
#shovelreadyjob,1
#single,1
#h‚Ä¶,1
#millennials,1
#ppuwnite,1
"#debatenight""nafta",1
"#trump:""33",1
#t25,1
#incertidumbreenlamud,1
#2a‚Ä¶,1
#socialsecurity.,1
#bigleaguetruth#neverhillary,1
#avengers,1
#ipickedtrumphttps://t.co/4xdxcptxib,1
#debatenight#turnout,1
#firstclassidiot,1
#ihrc,1
#mcsquad,1
#empire,1
#foxnews2016,1
#valentidebate,1
#trapvilla,1
#woman,1
#hillaryclinton''s,1
#msm,1
#lagov17,1
#hesnotpresidentialatall,1
#dropthemic,1
#tweetlivewithproppy,1
#nytimes,1
#numbers,1
#euhillarytrump.,1
#debatenightit''s,1
#takeonhatewithyourvote,1
#faultycomparison,1
#tertuliahillaryvstrump,1
#stopinterrupting,1
#bgg,1
#timisteve,1
#norapistpresidentplease,1
#billclintonforfirstlady‚Ä¶,1
"#haiti,",1
#chances,1
#sobriety,1
#lie,1
#quoteoftheday,1
#putin...,1
#privateposition.,1
#debatenightdoes,1
#makethegalaxygreatagain,1
#emails,1
#savet‚Ä¶,1
#factsmatter,1
#topnews,1
#potus‚Ä¶,1
#tco‚Ä¶,1
#whyiwanttrump,1
#focus,1
#saintselectionu,1
#meekjourno,1
#importsand,1
#hungergames,1
#followthemoney‚Ä¶,1
#trumpisright,1
#wikileaks:,1
#liarliar,1
#showtime,1
#myturn,1
#gdp.,1
#loveit,1
#ipickedclintonhttps://t.co/1ddn6px7ks,1
#breaking:,1
#staywoke,1
#debatenighthttps://t.co/ehelslxfws,1
#noonesabovethelaw,1
#tickticktick,1
#hesaidithimself,1
#gop,1
#got,1
#drainthe‚Ä¶,1
#stayontrack,1
#nytimeshttps://t.co/djocjzmu59,1
#rednationrising,1
#tc‚Ä¶,1
"#doofusbernie,",1
#informativooaxaca,1
#hindi,1
#stopthat,1
#trumpvclinton,1
#oldreliable,1
#debatesmegatv,1
#hil16,1
"#plannedparenthood,",1
#plannedparenthood.,1
#isis,1
#shitfaced,1
#stopthehate,1
#yourthepuppet,1
#a‚Ä¶,1
#isil,1
#fucktrump,1
#rapeculture,1
#potus,1
#2tvshawty,1
#hat,1
#scotus,1
#builtwithchinasteel,1
#bastatrump,1
#ÿßŸÑÿ±ÿ§Ÿäÿ©,1
#m√©xico,1
#asshole,1
#nahfr,1
#idebate16,1
#clownscare16,1
#trump,1
#privatehillary‚Ä¶,1
#wellplayed,1
#badhombres‚Ä¶,1
#watch,1
#ivankaneedsanewdaddy,1
#drainthatswamp,1
#billsvictims‚Ä¶,1
#fart,1
#hamas,1
"#openborders.""#debat‚Ä¶",1
#makejimmyhowardgreatagain,1
#alwaysusees.,1
#apgovpaul,1
#b√∂rse,1
#college,1
#whynot?,1
#snl,1
#iregistered,1
#nevertrumporhillary,1
#entv,1
#nyt,1
#hilaryclinton,1
#wall...it''s,1
#youin,1
#letgarydebate,1
#loser,1
#debatenight.erm...,1
#hombrealert,1
#puppethillary,1
#hillaryclintonüíû,1
#satanicpanic,1
#„Éç„Éê„ÉÄÂ§ßÂ≠¶,1
#unlikelyanimalfriends,1
#rt.,1
#raisehigh!!!,1
#bullyprevention,1
#wersmarterthanthat,1
#benghazi.,1
#debates#qcpolusa,1
#3,1
#2,1
#1,1
#7,1
#6,1
#4,1
#graphicdesign,1
#tangerinetesticle,1
#australia,1
#christians4trump,1
#presid‚Ä¶,1
#corruptmedia,1
#pxxxygate].,1
#trumpdump,1
"#paytoplay,",1
#billclintonisarapist#debatenight,1
#debates2016‚Ä¶,1
#fairisfair,1
#i,1
#vote,1
#teamdonald,1
#tonyabbott,1
#hillarysgotamic,1
#fingerinthebootyassbitch,1
#warhawkhillary''s,1
#sexualpredator,1
#chriswallace,1
#nafta,1
#melanin,1
#trumpdebatect.,1
#lickstarter,1
#lieoftheyear,1
#whatamidoingwithmylife,1
#2ndamendment,1
#debatenighthttps://t.co/m‚Ä¶,1
#biggestlieof2016,1
#clintonfoundatioin,1
"#taxes,",1
#puppet,1
#jokes,1
#leadright2016,1
#blacks4truth,1
#jobs,1
#sha‚Ä¶,1
#shameonher#debate,1
#as‚Ä¶,1
#trumpwords,1
#dylan,1
#plumpresdebate,1
#potus.,1
#1210debate,1
#biglie,1
#nlcs,1
#cainemutiny,1
#mak‚Ä¶,1
#cbs,1
#trumpquote,1
#weird,1
#btv,1
#fail,1
#hillaryyoushouldhavestoppedmefromrobbingamerica,1
#melania,1
#ahs6,1
#hilary,1
#badhombres?üòÇüòÇüòÇüòÇ,1
#hrvotes,1
#gend‚Ä¶,1
#shut,1
#steel,1
#tax‚Ä¶,1
#hillaryforprison2016,1
#iamwithher,1
#etatsunis2016,1
#fda,1
#tired,1
#vladimirputin,1
#google,1
"#cavaliers,",1
#buhbye,1
#crookedhillary,1
#trouncetrump!,1
#rapist,1
#debatenight#stumpin4trump,1
"#isis,",1
#basementdwellers,1
#rockthevote,1
#debatenight¬†#debate2016,1
#ohsdebatelife,1
#cnnpolitics,1
#1uvote,1
#skills,1
#eldebatefinal,1
#trumpgay4pay?,1
#ape3,1
#oaxaca,1
#7weekpremature,1
#overtime,1
#twitter,1
#draintheswap#veritas,1
"#trump,i",1
#manufacturing,1
#globo,1
#lulz,1
#darkfieldsoftherepublic,1
#payforplay,1
#payattention,1
#jobs.,1
#aktien,1
#baymax,1
#slaaaaaaaay,1
#praytoendabortion,1
#betterdebatequestions,1
#thegreatdebat‚Ä¶,1
#wfaavote,1
#nukebottin,1
#taxes.,1
#gobernar,1
#cato20‚Ä¶,1
#sellout,1
#smhdebate,1
#ondernemen,1
#debatenight...,1
#sddsinvernodetremurasdv#miercolesdeganarseguidores,1
#cnn..go,1
#hate,1
#trumpland,1
#unodw16,1
#violence,1
#priorities,1
#constitution,1
#trumped,1
#debatewithcorley,1
#littlehaiti.,1
#debate¬†¬†,1
#lgbtcrimj,1
#bu‚Ä¶,1
#floridadecides,1
#ivotetrumpi,1
#trumpet,1
#votetrump2016,1
#cover‚Ä¶,1
#puppetry,1
#swoll,1
#fictionlies,1
#crazycrookedhillary,1
#nochill,1
#rare,1
#newyawk,1
#facts:,1
#trumpisanidiot,1
#donthecon,1
#cubsvsdodgers,1
#toxictrump,1
#defundpp,1
#bush.,1
#sad,1
#trumphatesyourcat,1
#factcheckplease,1
#madampresident.‚Ä¶,1
#wersmarterthanthat‚Ä¶,1
#grade3math,1
#newmath,1
#notyourbody,1
#hsgovchat‚Ä¶,1
#biased,1
#delusionaldonald,1
#badhombres...,1
#pa,1
#youarethepuppet#debatenight,1
#isthisreal,1
#cats,1
#maga3x,1
#space?))zuw,1
#saudiarabia,1
#georgesoros.,1
#pv,1
#voter‚Ä¶,1
#sleepyhillary,1
#bringbernieback,1
#piusdebate,1
#civics,1
#theclintoncartel,1
#debatenight#votebalrog,1
#denostar,1
#disgusting,1
#howisthisok,1
#whywomendontreport.,1
#debatenighthillary,1
#electio‚Ä¶,1
#youngertv,1
#amerika,1
#debatehumanrights.,1
#sheswithus,1
#votetrumppence16,1
#godblessusall...,1
#usavaalit,1
#debateiambicpentameter,1
#coachtaylor16,1
#bigly#debatenight,1
#neveranytrump,1
#standwith‚Ä¶,1
#ksleg‚Ä¶,1
#trumpy-university?,1
#raleigh,1
#bushcuts?,1
"#potus"".",1
#mesh,1
#conspiracytheories,1
#shade.,1
#mizdeb3,1
#statedinner,1
#sniffing,1
#twee‚Ä¶,1
#reprorights,1
#debate@hillaryclinton,1
#fun,1
#de‚Ä¶,1
#disability,1
#ahsdebates,1
#garyjohnson,1
#shade,1
#imwithyou,1
#tech,1
#sociopaths,1
#shameonher,1
#neveragain,1
#hillary4prison,1
#1woman,1
#clown,1
#refugees,1
#trumptrain,1
#maga,1
#debatenightwhoa,1
"#hillaryclinton,",1
#yoga,1
#govhornby,1
#aids,1
#rece‚Ä¶,1
#stoptrumphttps://t.co/cn8fiyi9oe,1
#notokay,1
#debates¬†#debatenight,1
#voterfraud?,1
#wrong,1
#trumprally,1
#trumpsterfire,1
#dem,1
#hostges,1
#triangulation,1
#amn,1
#dems,1
#warmongering-starting,1
#fcpsonlineapgov,1
#hanjininreceivership,1
#podestaemails‚Ä¶,1
#sxm121,1
#clintonmachine,1
#immigration.,1
#isthisarerun?,1
#leftist,1
#icanmakeupfactstoo,1
#vockdebate,1
#boybye,1
#219,1
#snl?,1
#debtfreecollege,1
#hsgovchat,1
#muslimban,1
#standwithhillary,1
#trump!!#debate,1
#debatethis,1
"#niunamenos,",1
#peekapgov,1
#maturin,1
#scortchearth,1
#unfdebate16,1
#obamariot,1
#cbsn,1
#anamasters,1
#thug,1
#eeuu?,1
#tough,1
#embarrassing,1
#rapeculture.,1
#30secondmom,1
#puppetconf,1
#yeahright,1
#signsyourelying,1
#presidential,1
#veritas,1
#apgovbhs,1
#debatenight¬†#austinpowers,1
#orlando,1
#itnotok,1
#debatenightis,1
#whywomendontreport‚Ä¶,1
#debatenight#trump,1
#turdsandwich,1
#undocumentedimmigrants,1
#donaldtrumpunfit2leadorgovern,1
#phony,1
#trumppence2016,1
#tntweeters,1
#minwage,1
#noclue,1
#debatexotv,1
#idonttrustclinton,1
#debatenightsure,1
#immigration,1
#uranium,1
#politics,1
#rude,1
#karatekid,1
#celebritypresident,1
#hclinton,1
#voted,1
#clinton.,1
"#clinton,",1
#votegreen2016,1
#wikile‚Ä¶,1
#clinton:,1
#debatenightwatchüëáhttps:‚Ä¶,1
#teaparty,1
#nevertrump,1
#christiansstandup‚Ä¶,1
#newworldorder,1
#blacks4trumphttps://t.co/tist6wnnqi,1
#cnnrealitycheck,1
#impeachobama,1
#cat‚Ä¶,1
#isubwdebate2‚Ä¶,1
#uber,1
#demhypocri‚Ä¶,1
#kyliejenner,1
#newsintweets,1
#rdu,1
#Â§ßÁµ±È†òÈÅ∏Ë®éË´ñ‰ºö,1
#haitian,1
#cashmere,1
#seiuforhillary‚Ä¶,1
#shocker,1
#clintontrump,1
#yosender,1
#pray4trump,1
#sdhsapgov,1
#asdebate,1
#woosa,1
#maine,1
#takethatasyouwant,1
#clintons,1
#hillarypuppet,1
#circus,1
#r‚Ä¶,1
#facepalm,1
#yesshecan,1
#ifthemediariggedtheelection?,1
#badhombre....,1
#vtpoli,1
#doitforthevets?,1
#cnnrealitycheck:,1
#ifollowback,1
#debate2016https://t.co/7himkkke5c,1
#font,1
#clownshow,1
#nationaldebt,1
#postseason,1
#eu,1
#swear,1
#fatal,1
#economystupid,1
#neverhillary,1
#gowings,1
#payyourtaxes,1
#gunsens‚Ä¶,1
#ÿµÿ≠ŸäŸÅÿ©_ŸÉŸÑ_ÿßŸÑÿ•ŸÖÿßÿ±ÿßÿ™,1
#preach,1
#usmc,1
#cheetojesus,1
#imwithherü§ó,1
#giv‚Ä¶,1
#campaignspeech!,1
#birddogging,1
#debate#trumptrain,1
#nowblamerussia,1
#hocuspocus,1
#putinismybro,1
#crashingtheparty,1
#climatechange,1
#entrepreneur,1
#politispeak,1
#rejectedhillaryslogans#debate#debatenight,1
#debatehead‚Ä¶,1
#presidentialcandidates,1
#so,1
#syria,1
#firstwoman,1
#press,1
#milweedebate,1
#nuclear‚Ä¶,1
#wmaxeddy,1
#policebrutality,1
#isitover,1
#presidentialdebate,1
#gethip,1
#tertuliah‚Ä¶,1
#hotmic,1
#youcanttranslatethis,1
#gotwitter,1
#sxm1‚Ä¶,1
#debatexcredit,1
#politicalpaula,1
#juliusceasar,1
#rippingthe,1
#miedodes√≥lopensarlo,1
#votefortrump,1
#riggedsystem,1
#residentevilmovie,1
#benghazi,1
#2a,1
#lgbt,1
#libertarian,1
#amen,1
#podesta12,1
#thelibraryisopen,1
#transparency.,1
#amex,1
#givingbutgreedy,1
#blacklivesmatter,1
#snifflegate,1
#yougottabekiddingme,1
#hungermatters,1
#debatefinal,1
#hillarythefembot,1
#silentmajority,1
#pay2play,1
"#debatenight,",1
#corruptclintonfoundation,1
#undocumented,1
#inspiring,1
#chris,1
#paytoplay,1
#vaporwave,1
"#trump/#bill,",1
#nratv‚Ä¶,1
#debateheadache#bigleaguetruth,1
#lying,1
#standwithhillaryhtt‚Ä¶,1
#wearealldeadgoodbyefriends,1
#bitchslapped,1
#youknownothingdontrump,1
#scotus;,1
#cato2016,1
#lasvegaslive,1
#charitywatch,1
#trumptrainderailing,1
#kabarkhusus,1
#debunking,1
#missedopportunity,1
#trumpcheck,1
#reddawn.,1
#newzealand,1
#wedontnegoiatewithterrorist,1
#rusia,1
#sorry,1
#breaking,1
#comm260,1
#lieafterlieafterlie,1
#hescrazy,1
#niunamenos,1
#nightmarefuel,1
#gopdebate,1
#imjustabill,1
#excellent,1
#trumptreason,1
#drink.,1
#hillarypolicy,1
#deb‚Ä¶,1
#jfk,1
#govt396,1
#whooooops,1
#mychoice,1
#statefarm,1
#ifitwasuswewouldbeincuffs,1
#citizensunited,1
#clinton#foundation,1
#cnn,1
#nogain,1
#letmetranslate,1
#encryption,1
#debatecnn,1
#sei‚Ä¶,1
#ussovereignty,1
#loserdonald,1
#laobservaci√≥n,1
#2016election,1
"#askaboutabortion,",1
#trumptherapy,1
#vig.,1
#nopunintended,1
#rapnameswithbigly,1
#arizona,1
#makedonaldsniffleagain,1
#clintoncrimefamily,1
#hillaryclinton,1
#newreality,1
#nothanks,1
#19thamendment,1
#vo‚Ä¶,1
#boom!,1
#unfittolead,1
#debatenighthttps://t.co/yu2pqzrzrk,1
#brutalhonesty,1
"#chriswallace,",1
#boom:,1
#rthsdebate,1
#nevergiveup,1
#trumpheadlines,1
#nopuppet,1
#clintonscandals,1
#mvpforpresident,1
#assetprotection:,1
#draintheswamp!,1
#thepresidentialdebate,1
#reddit,1
#imwithher!!!#debatenight,1
#election2016swa,1
#whinylittlebitch,1
#ido,1
#hypocriticalhillary,1
#heweb16,1
#deficit?,1
#fullbreitbart,1
#mansplaining,1
#haitian-born,1
#walmart,1
#crocodiletears,1
#trumpisapervert,1
#rt,1
#believeme!,1
#whenaliarcallsualiar,1
#knickstape,1
#roastynottoasty,1
#cklovescfa,1
#linguistsaredying,1
#sgsx15,1
#taxedintopoverty,1
#sgsx13,1
#drakers46,1
#topprog,1
#deletion,1
#riggedsystem!,1
#helosing,1
"#debateyeah,",1
#marido,1
#mcj102lc,1
#votegreen‚úÖ‚Ä¶,1
#clintonfoundation:,1
"#clintonfoundation,",1
#clintonfoundation.,1
#saidnooneever,1
#clintonfoundation!,1
#imwithher‚Ä¶,1
#samirforpresident,1
#debate#hillary(willie,1
#usdebate,1
#answerthequestiontrump,1
#whatafuckingtool,1
#soulstothepolls,1
#qatar,1
#th√©orieducomplot,1
#duh,1
#goku,1
#immigrants,1
#itsonlyfunnywhen,1
#president,1
#set306,1
"#otan,",1
"#racist,",1
#trump#debatenight,1
#kanye2016,1
#fuckingwall.,1
#globalists,1
#wakeuppeople,1
#antisemitic,1
#dc,1
#berniesanders,1
#clintontrumpdebate,1
#dk,1
#startup,1
#bimboeruptions,1
#hobbylobby,1
#debatenight‚Äù,1
#Ë®éË´ñ‰ºö,1
#debatenight‚Ä¶,1
#massive,1
#salad,1
#wyakw,1
#guncontrolmass,1
#elei√ß√µesnoseua,1
#southpark,1
#donaldj.trump,1
#thisisunreal,1
#pcideb3,1
#parkviewsos,1
#idiot,1
#micdrop,1
#mfde‚Ä¶,1
#secondamendment,1
#finishhim,1
#hillarylies,1
#debatenobandnews,1
#strongertogether,1
#inspirationmoviehttps://t.co/fnmxjstewy,1
#spoiledbrat,1
#webdesign,1
#donaldtrump,1
#payyourshare,1
#judgejeanine.,1
#nope,1
#equalpayforequalwork,1
#free‚Ä¶,1
#trumpp‚Ä¶,1
#mepolitics,1
#cingtg,1
#clintonvstrump,1
#magnessap16,1
#mlbplayoffs,1
#eh204,1
#unfittrump,1
#21cenwork,1
#3woman,1
#bravo,1
#hamilton?,1
#wsuvot‚Ä¶,1
#coppednews,1
#psat,1
#standwithher,1
#hatey,1
#tytlive,1
#disabled,1
#november8th,1
#oann,1
#2016debate,1
#hillarymustgo,1
#the,1
#debate#hillary,1
#,1
#b306debate,1
#tvonedebatcapresas‚Ä¶,1
#debatenighthttps://t.co/qxzmjxchiq,1
#shameonher#debatenight,1
#readpeople,1
#bluelivesmatter,1
#polls,1
#lyingdonald,1
#johnsonweld2016,1
#liveon3340üì≤,1
#opdeatheaters,1
#corruptclintons,1
#trumptv,1
#goodmuslimbadmusl‚Ä¶,1
#trumplies:,1
#debateshttps://t.co/gskovu4ihy,1
#goodquestion,1
#cbsnreax,1
#goldmansach''s,1
#houseofcards,1
#chaiwala,1
#meconfused,1
#lilmantrump,1
#shesguilty,1
#chicagocubs,1
#debate#debatenight,1
#ivoted,1
#stophillary,1
#myvote,1
#sniffsniff,1
#obscurantism,1
#unfitto,1
#nonverbal,1
#wtwapgov,1
#debate...let''s,1
#f208debate,1
#allbarkn‚Ä¶,1
#giantmeteor2016,1
#shitshow2016,1
#children,1
#meltdown,1
#trumpsucks,1
#debateni‚Ä¶,1
#lastde‚Ä¶,1
#veritas‚Ä¶,1
#debate2016#nevertrump,1
#economy,1
#debatewithbernie,1
#rn‚Ä¶,1
#abortion.,1
#yrwatchparty‚Ä¶,1
#nevertrumpneverhilary,1
#podestaemails11‚Ä¶,1
#debatenighthttps://t.co/klerlrwtmd,1
#internacionales,1
#jamescomey,1
#nederland,1
#shortfingeredvulgarian,1
#michelleobama4president,1
#debatenighthttps://t.co/oohrlgp2u2,1
"#prisonsforprofit,",1
#pantsuitonfire,1
#id''s,1
#kellyfile,1
#lyingcrookedhillaryclinton,1
#toolate,1
#wall,1
#rwuspeech,1
#votetrump‚Ä¶,1
#tbd,1
#hillaryvstrump,1
#sanders:,1
#debatenig‚Ä¶,1
#trueblood,1
#letsgocubbies,1
#ipickedtrumphttps://t.co/hk405bcfup,1
#debateq.,1
#pbsedu,1
#Á±≥ÂõΩ,1
#womencanstoptrump‚Ä¶,1
#debates201‚Ä¶,1
#america,1
#after,1
#chinesesteel,1
#queenofcorruption,1
#debates2‚Ä¶,1
#debatenight¬†negativity?,1
#frythevote20163rddebate,1
#bullshithillary,1
#tcmparty,1
#votetrump,1
#stop,1
#1%gdp,1
#getreal.,1
#debate#rowlingsnotamaerican,1
#enn√∫meros,1
#textualism,1
#trumpclownshow,1
#hillarysteals,1
#fac‚Ä¶,1
#utsp16,1
#sniffles,1
#corporatemedia,1
#itsinourhands,1
#nvelectionhq,1
#sniff,1
#ttt,1
#dominatedbytrump,1
#bingo,1
#rogancallen,1
#advice,1
#poll,1
#debate¬†,1
#liberalworldorder,1
#basementdweller,1
#cripthevote,1
#iowin,1
#eminemcampaignspeech,1
#pussygate,1
#polcommcc16,1
#noimnot,1
#sketchy,1
#southpark20,1
#chicago,1
#notmyfirstchoice,1
#debate#takeashot,1
#rememberwhen,1
#victims,1
#broncosdebate,1
#synergology,1
#ipickedtrumphttps://t.co/wu8pusm6ub,1
#noitsnot,1
#tcot‚Ä¶,1
#debate**it''s,1
#votetrump!@oreillyfactor:,1
#nuclearbomb,1
#doesheknowotherwordsbesidesadjectives,1
#debatea,1
#pundits,1
#twibdebates,1
#lvn,1
#cleanuptime,1
#preside‚Ä¶,1
#thebachelor,1
#innovation,1
#debate2016,1
#goodpolicy,1
#ijdebate3,1
#treatyoself,1
#fbi,1
#mr.,1
#donaldthepuppet,1
#debate?,1
#debate:,1
#blacktwitter,1
#bsucampaign2016,1
#nfp,1
#votewithyouruterus.,1
#bigleaguetruth‚Ä¶,1
"#debate,",1
#toofuntowatch,1
#debate.,1
#cantblamebushforeverything,1
#princessbride,1
#trumptrump,1
#clinkclink,1
#kitchensinking,1
#debate!,1
"#debate""",1
#neverforget,1
#maddow‚Ä¶,1
#americandad,1
#theaccountant,1
#election,1
#pulledatrump,1
#trump.‚Ä¶,1
#mivoto2016,1
#badhombrepuppet,1
#orangeisthenewblack,1
#georgia,1
#trumpland#d‚Ä¶,1
#brilliant,1
#mi_loko#,1
#earthquake?!,1
#deabte,1
#mhsdebate,1
#earlyed,1
#gdp#finance#growthstory#goodnewsindia,1
#debatenighthttps://t.‚Ä¶,1
#uspresidentialdebate,1
#smallvictories,1
#gorgina,1
#catchingkelce,1
#emotions,1
#futurama,1
#snldebate,1
#fletche‚Ä¶,1
#wow,1
#eliseoymanueliitoh,1
#„ÉÜ„É¨„ÉìË®éË´ñ‰ºö#„Éà„É©„É≥„Éó,1
#whodoesthat?,1
#nuclearwea‚Ä¶,1
#dhs,1
#byetrump,1
#putin.,1
#repre‚Ä¶,1
#debaten‚Ä¶,1
#bestmoderatorever‚Ä¶,1
#retweet,1
#debatehttps://t‚Ä¶,1
#playayiti,1
#biaframustgo,1
#political16,1
#trumpfoundation,1
#ivote2endhunger,1
#hillaryisonsomething‚Ä¶,1
#maddow,1
#trump4potus,1
#luchaunderground,1
#whodoesthat?#debatenight,1
#coveryourears,1
#livedebate,1
#trumpelstiltskin,1
#debatebreak#debatenight,1
#triad,1
#presiden‚Ä¶,1
#ipickedtrumphttps://t.co/sfijk1wgxy,1
#backfire,1
#thedebate,1
#principlesoverpolitics,1
#nevertrumpdontworry,1
#takethatsaudiarabia,1
#breaking_news,1
#vladamirputin,1
#debate#debates#hillaryy,1
#hechoked,1
#notlikely,1
#db‚Ä¶,1
#twopartysystemfix,1
#mtvstars,1
#2121j,1
#centralbankers,1
#creepymario,1
#votesforwomen,1
#chisddebate16,1
#wakeupamerica,1
#econherpes,1
#hedoesthat,1
#facebook,1
#damn,1
#haitiansmattertoo,1
"#debatecnn""",1
#debates2016#imwithhillaryandleia,1
#heller,1
#conferreddominance,1
#hillaryliesmatter,1
#sniffstoomuch,1
#casablanca!,1
#teambigleague,1
#debatenightminuto,1
#cnbc,1
#answerthequestion,1
#shutup,1
#sexism‚Ä¶,1
#liberalcommie,1
#2woman,1
#mindblown,1
#foolery,1
#onwinechat,1
#sniffsniff!,1
#p‚Ä¶,1
#trdw,1
#ishshow,1
#rip,1
#false,1
#tvonememangbeda,1
#bethechange,1
#grabbedbythepussy,1
#baymaxforpresident,1
#pjne‚Ä¶,1
#debate`~,1
#debatenightwaiting,1
#universalprek,1
#dumb,1
#dpgovchat,1
#concernedcitizen,1
#conservative,1
#ipickedclinton,1
#ipickedclintonhttps://t.co/mqgxzsbmaj,1
#government!we,1
#respect,1
#charlottle,1
#followthemoney,1
#myvote.,1
#childrapetrump,1
#putinspuppet,1
#clintonfoundation,1
#whinybitch,1
#gossap,1
#israel?,1
#demstorm,1
#voteyourfaith,1
#youthfortrump,1
#catholic,1
#nada,1
#overcapacity,1
#thisguy,1
#dontpissoffthequeens,1
#liberalprivilege‚Ä¶,1
#badhombrespuppets,1
#anotheroption,1
#draintheswampa,1
#debate#podestaemails12‚Ä¶,1
#socialsecurity,1
#godblessamerica,1
#ahora,1
#fb,1
#youfirstpos,1
#corruptclinton,1
#whinybaby,1
#ncschoolsdebate,1
#iamanimmigrant,1
#tcot,1
#debatenight#rednationrising,1
#trumpnational,1
#hrc:,1
#draintheswamp.,1
#trumpcantwin,1
#puppettrump,1
#hrc!,1
"#russia,",1
#ipickedclintonhttps://t.co/mmunlmziex,1
#russia.,1
#hillaryclintonforpresident‚ú®üá∫üá∏üôèüèΩüôàüí™üèΩ‚ú®#debatenight,1
#liber‚Ä¶,1
#youcant,1
#hombre,1
#presi‚Ä¶,1
#daca!,1
#bigle‚Ä¶,1
#trump16,1
#i‚Ä¶,1
#racism,1
#hillaryforprison,1
#debatenight:imgonnakillisis,1
#hailsatan,1
#trumptapes.,1
#omg,1
#gohometrump,1
#naupc2016,1
#shameonyou,1
#5woman,1
#spursnation,1
#lyingtrump,1
#hist211,1
#drainthes‚Ä¶,1
#mclive16,1
#rekt,1
"#badhombres,",1
#prayforwallace,1
#debatenignt,1
#whereisgarytho,1
#rudebatechat,1
#tru‚Ä¶,1
#electionwon,1
#potus2016,1
#dontboovote,1
#why?,1
#voterintimidation,1
#platitude‚Ä¶,1
#thatpart,1
#projectveritas!!#birddoging,1
#vfw,1
#candidates,1
#wcw‚Ä¶,1
#leadership‚Ä¶,1
#trumptrain2016,1
#debatenighthttps‚Ä¶,1
#trumpuniversity,1
#unlvpresdebate,1
#littlehaiti,1
#debunked,1
#timesofindia,1
#mfdebates,1
#cantstumpthetrump,1
#cupcakes,1
#jes‚Ä¶,1
#election2016‚Ä¶,1
#nopain,1
#debates‚Ä¶,1
#sorelosertrump,1
#bi‚Ä¶,1
#corruptclintonfoundation#debate#haitianhateclintons,1
#lyingcrookedhillary,1
#dicksout,1
#notinherleague.,1
#ass,1
#nukes,1
#crooked,1
#lesliemillwee,1
#wheretheydothatat,1
#payforplay‚Ä¶,1
#logical,1
#predator,1
#americafirst,1
#dsfgov,1
#eeuu,1
#ipickedclintonhttps://t.co/rdvhjx3jfk,1
#debatehttps://t.co/wu7iwqxjv9,1
#miami,1
#mirandasingsforpresident2017,1
#imvoting4jillbecause,1
#deepthoughtsbysarah,1
#factsmatter‚Ä¶,1
#duck,1
#hitler,1
#smartergirl,1
#hilaryisanidiot,1
#taxes,1
#demexit‚Ä¶,1
#soeasytolie#presidentialdebate2016,1
#comm230,1
#premarket‚Ä¶,1
#stoptrump,1
#jujuonthatbeat,1
#4thquarter,1
#ppsellsbabyparts,1
#debatelook,1
#debateheadache‚Ä¶,1
#trumpycharity,1
#presidentialdebate?,1
#reagan,1
#presidentialdebate:,1
#breakmediablackout‚Ä¶,1
#shameonher#debate‚Ä¶,1
#debatenight#mediaforhillary,1
#trumplies,1
#wednesday,1
#libcrib,1
#womencanstoptrump,1
#vile,1
#creole,1
#debateshttps://t.co/iwperpx5pc,1
#pt:,1
#badass,1
#trade,1
#fatkid,1
#debatexrpp,1
#saudiarabia?,1
#wjc,1
#firecrotch,1
#headfake,1
#friends,1
#sostop,1
#noplan,1
#pussygrabber,1
#buffet,1
#debateviadylan.,1
#thirdparty,1
#true,1
#harrypotter,1
#sausagemaking,1
#nbccthttps://t.co/9xu8gcjrbj,1
#berniedeservesbetter,1
#debatenightthere,1
#winnipeg,1
#bluesteel,1
#rlcdebatenight,1
#trump''s.,1
#betterthantrump#debatenight,1
#debatenight@foxnews,1
#japan,1
#itgetsbetter,1
#clintonkaine,1
#fuckpolitics,1
#tapes,1
#2016_elections_donald_trump_hillary_clinton_debates_,1
"#debates,",1
#unot‚Ä¶,1
#debates.,1
#worldwartwo-#infrastructure-#advancedmanufacturing-college,1
#mexico.,1
#rerun,1
#rncwithbernie,1
#neverhilla...,1
#vistavotes,1
#trump‚Ä¶,1
#obama‚Äù,1
#whywomendontreport,1
#obama‚Ä¶,1
#millenialproblems,1
#ypempowered,1
#wordvomit,1
#lomasrankiao,1
#sco‚Ä¶,1
#cash,1
#free,1
#losertrump,1
#oprachelmarsden,1
#accesshollywood!,1
#animation,1
#debatenighthttps:‚Ä¶,1
#debateso,1
#sickhillary,1
#idonthaveaccesstoemojisonmycomputer,1
#hhedebate,1
#word,1
#rejecteddebatetopicshillary''s,1
#wv,1
#l‚Ä¶,1
#kanye2020,1
#debatenighttrump,1
#freetrade,1
#iknowyouarebutwhatami,1
#donald-if,1
#nra,1
#cheers,1
#diarrheaofthemouth,1
#trumpforever,1
#democratic,1
#puppetgate,1
#world,1
#enjoy,1
#wherescooper,1
#shewinswewin,1
#tremendous,1
#economy.,1
#receipts,1
#taxpayersworstnightmare,1
#votetrump#neverhillary,1
#economy:,1
#andrikasep,1
#pyongyang,1
#drunktweetthedebates,1
#newsonline,1
#stopdonaldtrump,1
#unlv,1
#soros,1
#pleasestoptalking,1
#dodgingthequestion,1
#votesmart,1
#debatenighthttps://t.co/krxsw3vein,1
#georgesoros,1
#bully,1
#pnpcbc,1
#trumpbluefalcon,1
#ripamerica,1
#las‚Ä¶,1
#bloop,1
#theinternetexists,1
#genderwatch2016,1
#thirdpresidentialdebate,1
#trumptip,1
#believewomen,1
#rizzoandbryant,1
#worldseries,1
#rigged,1
#raisethewage.,1
#coward,1
#crookedhillaryvs,1
#remorse:,1
#hehadtimetoprepare,1
#j427debate3,1
#auspol,1
#debateh‚Ä¶,1
#fatso4prez3,1
#maga#maga3x,1
#soproud,1
#vamoshillary,1
#ÿπÿßÿ¨ŸÑ#ÿ™ÿ±ÿßŸÖÿ®,1
#canteven,1
"#obama,",1
#haitischooldoc,1
#debatenightamerica:,1
#wrongchriswallace,1
#arcangelalvarado,1
#trumpfluff,1
#abc,1
#moderator,1
#groper,1
#abd,1
#yaaaaas‚Ä¶,1
#shame,1
#attackpolitics,1
#sigh,1
#thisisnormal,1
#worried?,1
#debate2016nevadahttps://t.co/h4tbas29s1,1
#disaster,1
#auelving315,1
#releaseyourtaxes,1
#wasntme,1
#hillary2016,1
#drumpf2016‚Ä¶,1
#atruerepublican?,1
"#debate,i''m",1
#gohillary,1
#kanyewest,1
#lbgtq,1
#bigly,1
#makeamericasafeagain,1
#legit,1
#debates#trump,1
#youwereonnationaltelevision,1
#deaththreats,1
#raisethewage,1
#debatestirring,1
#statedept,1
#lvdebate,1
#jokesonyou,1
#1a,1
#groperinchief,1
#gunviolence,1
#chelseaclinton,1
#opendebates,1
#cbn2016,1
#dressforsuccess,1
"#killary,",1
#killary.,1
#debateheadache,1
#clapback,1
#jonathanboniidice,1
#juliourias,1
#cocaine,1
#irony,1
#11,1
#oyvey,1
#roevwade.,1
#cintonfoundation,1
#foxnews,1
#cary,1
#debates?,1
#ijdk,1
#time,1
#plannedparenthood,1
#maga#rednati‚Ä¶,1
#losing!!,1
#bigmistake,1
#shesgotmyback,1
#soishalfthecoun‚Ä¶,1
#nomanches,1
#middleclass,1
#rememberinnovember,1
#crips4hill,1
#embarassment,1
#trumpsick.,1
#2020,1
#nuclear,1
#debate#wikileaks,1
#fernanfloo,1
#debate¬†#debatenight,1
#n-n-naw...,1
#fraud,1
#bluehand,1
#vaginaeducation,1
#massively,1
#melaniatrump,1
#middleout,1
#my‚Ä¶,1
#trump2016‚Ä¶,1
#womenfortrump,1
#debate#makeamericagreatagain,1
#biggly,1
#dsu360,1
#lastweektonight,1
"#trump,",1
#trump-,1
#trump.,1
#trumppe‚Ä¶,1
#hillary!,1
"#hillary,",1
#hillary.,1
#trump!,1
#draintheswa‚Ä¶,1
#beingfemale,1
#trump?,1
#shecantvote,1
#trump:,1
#doucheyloser!!!,1
#addisonmuscle.watch,1
#hillary:,1
#debates2016,1
#shewins,1
#opipub,1
#mediaethicsdc,1
#4woman,1
#liar,1
#russia,1
#nobodyhasmorerespectforwomen,1
#punchacandidate,1
#byefelicia,1
#notcool,1
#clintonfoundation?that,1
#trumpi,1
#trumppence16‚Ä¶,1
#trumpy,1
#hillarys,1
#fauxnews,1
#flythew,1
#trumps,1
#technology,1
#getthelipstickoffthoseteeth,1
#ndtv,1
#parisisbur‚Ä¶,1
#yes,1
#trumplovesputin,1
#caladebate,1
#minimumwage...,1
#psychology,1
#trumptruth,1
#imwit‚Ä¶,1
#hillaryclinton!,1
#drumpfstinks,1
#debate,1
#specialinterests,1
#p21,1
#freelauri,1
#9news,1
#mygod!,1
#mafia,1
#fox,1
#thisistheend,1
#rednationri‚Ä¶,1
#aleppo,1
#video,1
#ipickedtrumphttps://t.co/afioxxmy6t,1
#americandailydebates,1
#ahs,1
#mirandaforpresident,1
#hitlery,1
#debatefail,1
#eco‚Ä¶,1
#snickers,1
#glorious,1
#hillaryclinton?,1
#hewitt,1
#lyinghillary,1
#power,1
#vegasjuicejob,1
#doubtful.,1
#climate,1
#menancetosociety,1
#shesmelting,1
#shewon,1
#rage,1
#lol,1
#wa‚Ä¶,1
#kprc2,1
#stoplying,1
#debateaccountability,1
#getlessonsfromgeorgewbush,1
#oyequelindo,1
#epilepsy‚Ä¶,1
#201‚Ä¶,1
#slackerpolitics,1
#bsafunds,1
#itfdb,1
#debates20‚Ä¶,1
#bp,1
#gaysfortrump,1
#hillaryclintohave,1
#trumppenc‚Ä¶,1
#shitshow,1
#toddlerdebate,1
#naturalizedcitizen,1
#trump''s,1
#debatenightwhen,1
#magnessapgov16,1
#j4936,1
#cnnee,1
#ttt16,1
#tytlive#debate,1
#insertyourcommenthere#debate,1
#medialiteracy,1
#rhetoric,1
#weinthefinalhournow,1
#tbt,1
#notrump,1
#texas,1
#projectveritasaction,1
#elections,1
#therealdebate,1
#ohhillno‚Ä¶,1
#wikileaks,1
#smartnews,1
#justicefordanney,1
#debatetrumpclinton,1
#relatable,1
#obamaregime,1
#ipickedclintonhttps://t.co/fe4efzbo2b,1
#kingpin,1
#uselections,1
#truedat,1
#liningsheldonspocketsalittlemore,1
#washleewatch,1
#standunited,1
#rmsdebate,1
#taxreturns,1
#podestaemailsnlcs,1
#nohope,1
#debateheadache#presidentialdebate,1
#debate#debate2016,1
#indyref,1
#debatenighthow,1
#2016,1
#giantdouch,1
#jokeoftheyear,1
#supremecourt-no,1
#imissbernie,1
#nervesofsteel,1
#yougottrumped,1
#cpdthree,1
#wikileaks.#debate#trump#clinton,1
#nyt?,1
#characte‚Ä¶,1
#progress,1
#refugees#waronwomen#paytoplay,1
#rarity,1
#shoj,1
#accusing,1
#debate-night,1
#zoolandertrump,1
#tpp,1
#zoudeb3,1
#madampresident.,1
#prochoice......so,1
#debate:is,1
#fakeleftys,1
#wallace,1
#section127,1
#racist,1
#yaracuy,1
"#trump.""",1
#headache,1
#dirtydonald,1
#pols120wsu,1
#skyconfrontousa,1
#seriously,1
#voterepublican,1
#rose‚Ä¶,1
#estimates,1
#media,1
#mute,1
#hurricanematthew:,1
#nzqt,1
#voaalert,1
#veritasproject,1
#weather,1
#andreaforprez,1
#executiveamnesty,1
#thomapgov,1
#bullcrap,1
#greybrimhillary,1
#life16,1
#paidoff,1
#oneinfive‚Ä¶,1
#theylive,1
#superpredators,1
#medlife,1
#my,1
#tgdn,1
#ipickedclintonhttps://t.co/ls04f4mogo,1
#womenaresupersmart,1
#gifs,1
#itsonus,1
#answer.,1
#whyypumad,1
#burn,1
#nbc,1
#colonialism,1
#voterfraud,1
#apfactcheck:,1
#fail.,1
#busin‚Ä¶,1
#immigrant,1
#mpsdebates,1
#voteclimate,1
#hillarysrealrecord,1
#makeamericagreatagain,1
#rtnrny17,1
#justiceforjuanita#trumptapes,1
#congress,1
#trumptrivia,1
#hillaryemails,1
#endtimes,1
#lockerroomtalk,1
#literatepresident,1
#whenthereisvideoevidenceitsright,1
#truthbetold,1
#msm‚Ä¶,1
#debate¬†#bigleaguetruth,1
#teapa‚Ä¶,1
#forwar‚Ä¶,1
#todocambia,1
#podestaemails12,1
#nbcct,1
#haiti,1
#crook,1
#fox2debate,1
#trumpythebully,1
#msnbc,1
#‡§≠‡§æ‡§∞‡§§,1
#debatewithkids,1
#ifthemediariggedtheelection,1
#paytoplay#debate,1
#debatenighthttps://t.co/30lao923x2,1
#globalist,1
#fixed,1
#bern,1
#opinaxrpp.,1
#trump/pence,1
#debatenightwallace,1
#hilliary,1
#closernation,1
#debatenighthttps://t.co/9tu‚Ä¶,1
#roevwade,1
#askaboutwomen,1
#teamhillary,1
#gocubsgo,1
#orangebillcosby,1
#dnc,1
