#taiwan,1
#truth,1
#soundcloud?,1
#nyse,1
#ä¸å¦Š,1
#aedilhaimushkil,1
"#androidgames,",1
#tdcelebrations,1
#mondaymotivationâ€¦,1
#christmasmovie,1
#stocks,1
#117,1
#photo,1
#cosproject,1
#obama,1
#trump,1
#countryb4party,1
#uslatinoâ€¦,1
#constitution,1
#russiahttps://t.â€¦,1
#vr,1
#irrationalexuberance,1
#bairavaatracklist,1
#ai,1
#pretty,1
#breaking,1
#unpresident,1
#apple,1
#instagramers,1
#whencallstheheart,1
#googlealerts,1
#pizzagate,1
#blockchain,1
#security20:20,1
#fun,1
#æ¶¼å®®ãƒãƒ«ãƒ’ã®æ†‚é¬±,1
#veilhasbeenliftedâ€¦,1
#iraq,1
#scottdworkin,1
#tntweeters,1
#preparedness,1
#chennaihttps://t.co/ylc3uuywpu,1
#pdxresistanâ€¦,1
#adarasiemprecontigo,1
#tcot,1
#oprahandflotus,1
#celebrationâ€¦,1
#war20:20,1
#win,1
#got7â–ºhttps://t.co/irmd7usmfoâ–ºhttps://t.co/aqlihfed43,1
#crowdfunding,1
#tokyomx,1
#electoralcollege,1
#2016,1
#drones,1
#russianhackers,1
#dessert,1
#Ø³ÙƒØ³_Ø¹Ø±Ø¨ÙŠğŸ¬ğŸ“²,1
#torne,1
#czarnotpotus,1
#bigthings,1
#inspiredbyjanetmachukaâ’,1
#stateofemergency.,1
#trading,1
#russiahacking,1
"#banksters,",1
#uber,1
#smile,1
#5030,1
#trumptrainâ€¦,1
#ko,1
#newsintweets,1
#lighting,1
#nature,1
#ã‚«ãƒŠã‚¬ãƒ³ã‚­ãƒ£ãƒƒãƒˆãƒ•ãƒ¼ãƒ‰,1
#unpresidented,1
#trump:,1
#military,1
#swag,1
#russianhack,1
#fbi,1
#mplusplaces,1
#china,1
#smallbeginnings,1
#clemencynowâ€¦,1
#dâ€¦,1
#russia,1
#sandra,1
#recipes,1
#uberchile,1
#clintons,1
#ã‚¸ãƒ£ãƒ‹ãƒ¼ã‚ºwest,1
#wearables,1
#streetfood,1
#tax,1
#rock,1
#guy,1
#filmmaking,1
#hb,1
#kaabiltrailer2,1
#entercourse,1
#trumpleaks#russiagate,1
#é£Ÿäº‹,1
#goforit,1
#é£Ÿã¹ç‰©,1
#spitball'dyuh,1
#beijing,1
#formeplusyououtnow,1
#Ù†ÙŠØ¬22cd,1
#â€¦,1
#colorful,1
#insurtech,1
#amitabhbhattacharya,1
#sm30258866,1
#biafra,1
#hangemhigh,1
#diet,1
#dontdrâ€¦,1
#ã‚­ãƒ£ãƒƒãƒˆãƒ•ãƒ¼ãƒ‰,1
#nolowslibswontgo,1
#å¦Šæ´»,1
#chinese,1
#resist,1
"#android,",1
#science,1
#wine,1
#12ì§„ì„­,1
#focusonthefacts,1
#ccot,1
#3,1
#arijit,1
#giveaway,1
#å¦Šå¨ ã—ãŸã„,1
#wallstreet,1
#bus.,1
#æ „é¤Šç´ ,1
#å¦Šå¨ ã—ã‚„ã™ã„,1
#cemungudahokâ€¦,1
"#nawazruinedpakcricketweldone,ht",1
#movies..,1
#ssnpod,1
#makeithappen,1
#doctorsstrikeâ’,1
#top,1
#visalesstravis,1
#is?,1
#syria,1
#obama''''s,1
#kellyfile,1
#wapo,1
#makeamericagreatagain,1
#mother,1
#Ø®Ù„ÙÙŠ,1
#thedemocrats1,1
#pahang,1
#intelligence,1
#nasdaq,1
#pahangtopenang,1
#flotusandoprah,1
#kettlehop,1
#ohio,1
#trumptrain,1
#maga,1
#spx,1
#magaâ€¦,1
#ç›¸äº’ãƒ•ã‚©ãƒ­ãƒ¼,1
#trumpsamerica,1
#musicmonday,1
#gameinsight,1
#kampfflugzeug-hersteller,1
#lolâ€¦,1
#toptags,1
#paccaria,1
#trump2016,1
#korea,1
#mkt,1
#breakingcia:,1
#daytrading,1
#thanksobama,1
#therepublcans#lol!#electors,1
#markets,1
#followme,1
#fakenews,1
#bigbrothertrump,1
#gaypiss,1
#trumphttps:â€¦,1
#healthtech,1
#hot,1
#oprahandâ€¦,1
#travel,1
#hearties!,1
#trending,1
#black,1
#system,1
#veterans,1
#engagement,1
#doit,1
#å¦Šå¨ ã—ã‚„ã™ããªã‚‹,1
#chennaihttps://t.co/jmdmeyvhpr,1
#dbt14gh17,1
#bairavaatracklistonlaharimusic,1
#adara2â€¦,1
#food,1
#weirdthingstowhisperduringahug,1
#girlbye,1
#morale+66/6eye,1
#dec19,1
#isis,1
#christmas,1
#bipartisan!9,1
#mondaymorningâ€¦,1
#december11,1
#fintech,1
#arrestobamafortreason,1
#familyvacation,1
#trial,1
#dowjones,1
#polyvorestyle,1
#trndnl,1
#penang,1
#appleâ€¦,1
#adult,1
